公司,產業分類,溫室氣體排放量（公噸二氧化碳當量）,淨零目標年,2030 年減量目標設定,SBTi 承諾,有具體減量策略,範疇三揭露,範疇三減量規劃,近三年能效進步率,節能目標設定,再生能源使用率,再生能源設置容量,是否完成用電大戶再生能源設置義務,中期再生能源目標設定,RE100 承諾,燃煤使用量（公噸）
台塑化,石化業,"24,234,494",2050,28.0%,❌,短期 (2025 年): 節能減碳循環經濟改善措施、設置及開發再生能源 (太陽能、小水力等)、鍋爐混燒固體再生燃料 (SRF) 5%、以共煉方式生產永續航空燃油 (SAF)。,❌,❌,-10.9%,1.00%,,"1,204",❌,,❌,"7,790,821"
中鋼,鋼鐵業,"18,066,406",2050,25.0%,❌,"中鋼已設定短、中、長期減碳目標,長期以139年達成碳中和作為努力目標,規劃各項策略,並制定碳中和路徑規劃圖。短期減碳策略,採取「增加再生能源使用」、「加大力度提升能源效率」為主;114至119年主要透過「高爐添加低排碳鐵源」、「高爐噴氫取代煤」、「鋼化聯產」、「增用廢鋼」達到119年較107年減碳25%之目標(範疇一+範疇二),119年之後邁向碳中和的長程規劃有4個路徑,「設備電力化」、「無碳燃料」、「碳捕捉利用與封存(CCUS)、「全氫能冶煉製程」,共10個面向推動減碳工作,並於139年邁向碳中和目標。",✅,❌,-8.7%,,,529,❌,,❌,0
台積電,半導體業,"11,418,278",2050,,❌,氣候韌性方面，推動低碳製造，持續採用最佳技術減少溫室氣體排放。使用再生能源，持續使用再生能源及設置太陽能發電系統。提升能源使用效率，持續導入節能措施，積極落實節能行動。在供應鏈方面，透過 T.S.M.C. 供應鏈減碳行動策略，包括績效追蹤、提供支持、提升動機、創新合作四大方向進行減碳。,✅,✅,-6.6%,,14.1%,"15,912",❌,60% (2030),✅,0
台塑,石化業,"8,130,027",2050,40.0%,遠低於2°C,燃煤朝向低(零)碳能源轉型: 推動煤轉氣、汰除老舊燃煤鍋爐、碳捕捉及再利用、持續研發固碳技術、推動氫能發電、持續研發設置低(零)碳電力。,✅,❌,-11.9%,,0.0%,"13,099",,2% (2030),,"1,180,546"
台化,石化業,"8,022,913",2050,25.0%,遠低於2°C,減碳策略包含：節能改善（導入AI智能生產、推動模擬工廠及營運管理數位化），能源轉型（燃油鍋爐改為燃氣鍋爐、增設再生能源），循環經濟（醋酸廠尾氣CO2回收再利用、廢漁網及蚵繩回收），以及其他減碳措施（推動電動機車補助、開發智慧電網應用技術、研討先進低碳能源技術）等。,✅,✅,-3.7%,,5.1%,"42,195",✅,5% (2030),❌,"1,353,322"
中油,石化業,"6,542,927",2050,50.2%,❌,"台灣中油以實質減碳為主，減碳從源頭做起，改善製程能源效率；引進碳中和油氣產品，並發展二氧化碳捕捉、再利用及封存（Carbon Capture, Utilization and Storage，CCUS）技術，打造碳循環經濟。此外，以「優油、減碳、潔能」為主軸，積極發展氫能、地熱能、太陽能、碳捕捉再利用與封存等技術。",✅,❌,-9.4%,,81.1%,"21,222",✅,,❌,0
南亞,石化業,"3,752,539",2050,35.0%,遠低於2°C,"南亞公司訂定「2050 年碳中和」為長期減碳目標，積極推動四大減碳策略：1. 低碳能源轉型（公用廠燃煤鍋爐停止運轉，設置燃氣蒸汽鍋爐等設備，另各生產廠也改用低碳能源如天然氣取代高碳能源如煤炭、重油）。2. 節能減碳循環經濟（持續推動製程改善、循環經濟、AI 及數位轉型，提升能源使用效率及減少廢棄物發生量）。3. 提高再生能源用量（於各廠區廠房屋頂建置太陽能發電設備，至 2030 年設置總容量約 56,265.97 KW）。4. 碳捕捉技術運用（擴建電子級及工業級液態CO2工廠，將化工製程中所發生的CO2回收資源化）。",✅,✅,0.5%,,0.3%,"14,713",✅,20% (2030),❌,"319,759"
台泥,水泥業,"3,643,800",2050,,符合1.5°C目標,主要運用水泥製程中關鍵的替代熟料、替代原料、替代燃料、餘熱發電、製程改善、再生能源及碳捕獲做為減碳策略，碳匯部分自2023年啟動森林及土壤調查，作為淨零碳移除之可行方案。,✅,✅,4.2%,1.00%,0.3%,358,✅,,❌,"466,089"
亞泥,水泥業,"2,782,856",2050,10.0%,遠低於2°C,亞泥重要減碳措施包含：1. 導入循環經濟（17%）、2. 生產低碳水泥（34%）、3. 改善生產能耗（5%）、4. 碳捕捉及利用（36%）、5. 自然再碳酸化（8%）。,✅,✅,59.5%,,0.1%,"3,700",❌,,❌,"427,140"
群創,光電業,"2,412,736",,25.0%,遠低於2°C,公司規劃短中期減碳目標為至 2030 年溫室氣體範疇一與範疇二排放量相較基準年 2020 年減量 25%。減量策略包含製程低碳轉型、能源效率提升、再生能源裝置設置。採取行動包含維持高效率尾氣削減設備效率、FCs 氣體減量使用、降低石化燃料使用、汰換老舊設備提升能源使用效率、設置太陽能發電裝置、設置沼氣生質發電裝置與評估低碳能源發電裝置等。,✅,✅,3.0%,1.60%,4.9%,"85,840",,20% (2030),❌,0
友達,光電業,"1,971,913",2050,42.0%,符合1.5°C目標,友達推動低碳供應鏈之策略一為「數位平台的導入與減碳路徑的規劃」，目標是透過數位科技及環保資源來引導供應鏈在 2030 年達成減碳 20% 的目標。2023 年友達與經濟部聯合 15 家關鍵供應商啟動「以大帶小製造業低碳及智慧化升級轉型補助」專案，並於 2024 年完成計劃中各項減碳目標。透過此專案，友達發揮產業影響力，以務實的技術與輔導，助攻供應商導入數位節能與碳管理機制，建置有效且長期運行的低碳轉型模式，推動整個供應鏈的低碳化目標。,✅,✅,7.0%,4.50%,6.7%,"3,000",✅,30% (2030),✅,0
聯電,半導體業,"1,430,027",2050,42.0%,符合1.5°C目標,聯電已擬定低碳轉型計畫，將分別針對營運活動的直接排放（範疇一）、能源使用的間接排放（範疇二），以及價值鏈產生的間接排放（範疇三）進行減量。主要策略包括：1. 持續積極自主減碳（研發先進晶圓代工技術、提升能資源生產力及使用效率，將半導體晶圓製造及 IC 終端產品使用階段之碳排降到最低）；2. 全面採用再生能源（訂定 2025 年 25%、2030 年 50%、2050 年 100% 三階段目標，大幅提升再生能源使用比例）；3. 投資淨零碳技術（投資淨零碳排放技術及參與碳抵減相關專案，以抵減不可避免或尚有削減技術限制的碳排放）。,✅,✅,-28.5%,,17.1%,"14,000",✅,50% (2030),✅,0
正隆,造紙業,"1,338,222",2050,20.0%,❌,將低碳轉型融入營運策略之中，以「循環經濟、低碳綠能、智慧創新」為核心，透過 S.M.A.R.T.（Subtraction 資源減用、Material 轉廢為能、AI 產銷智能、Recycling 回收再生、Technologies 先進製程）低碳智紙五大策略，規劃四大科學減碳路徑（提高能源效率、發展再生能源、深化循環低碳燃料、創新應用負碳技術），且積極參與國家減碳輔導計畫，包含大園造紙廠參與經濟部產業發展署「產業低碳轉型計畫」。,✅,❌,-2.2%,,4.0%,"14,087",✅,25% (2030),❌,"381,978"
中石化,石化業,"843,461",2050,50.0%,❌,2005~2025 年：製程改善、設備更新與改善效率、燃料改天然氣、建置低壓蒸汽發電系統、採用節能風扇與變頻器、太陽能系統設置。2026~2030 年：能源效率改善及整合、冰水機設備優化、建立再生能源設備、節能設備更新、採用新節能馬達、鍋爐效率提升。2031~2050 年：增加再生能源使用量、使用綠色能源與生質燃料、碳捕捉及封存 (CCUS) 技術、購買綠電憑證與碳權。,✅,❌,-1789.1%,1.00%,1.3%,"3,367",✅,,❌,"7,084"
東和鋼鐵,鋼鐵業,"822,114",2050,30.0%,❌,因應 2050 年淨零碳排目標，訂定 1.5 度 C 低碳轉型計畫及減碳路徑圖，積極投入風電、光電、氫能、碳捕捉利用等新領域。策略包括：更新高效率電爐、投資再生能源發電業、採購再生能源電力、低碳煉鋼製程改造、提高設備能源效率、申請自主減量計畫與應用碳捕捉（CCUS）技術。減碳路徑圖主要貢獻來自 CCUS、再生能源、電爐/製程改善、減少副原料、低碳燃料、能效提升、不使用銑鐵。,✅,✅,-2.0%,,100.0%,"28,500",❌,30% (2030),❌,0
榮成,造紙業,"747,331",,5.0%,❌,榮成紙業致力於「再生纖維利用、節能生產、節水生產、空污、水污、減廢處理、空間利用」等五項環保高新技術。具體作為包括：毅然停產彰化二林廠中兩條高耗能但仍具產能的老舊生產線；於2024年投資45億元導入全新低能耗造紙設備，提升整體製程效能，優化廠區生產流程與空間動線，預估可降低約6%的碳排放量；規劃於2030年前再投資38億元設置再生能源發電設備，逐步邁向潔淨能源與淨零目標。,✅,❌,-9.0%,,2.5%,"8,212",❌,,❌,"235,807"
華紙,造紙業,"727,556",2050,30.0%,承諾設定科學基礎目標,綠電發展（建置太陽能、擴大木質素生質能發電容量）、減碳策略（減少石化燃料、增加替代燃料、投入生質燃料）、林業經營（以造林、再造林和森林經營管理，發揮儲碳、固碳功能，提升減碳效益）、製程改善（紙機設備、真空透平泵及蒸汽冷凝水系統改造，蒸汽控制系統、木質素設備汰舊換新，導入智慧節能系統）、創新應用（投資低碳研發創新技術，導入內部碳定價、積極承諾 SBTi，推動植樹造林專案增加碳匯）,✅,❌,-12.1%,,29.0%,"1,997",❌,60% (2030),❌,"250,197"
豐興,鋼鐵業,"696,740",2050,25.0%,❌,減少用氣量、用電量。提升電爐及加熱爐燃燒效率。維持電爐及加熱爐溫度，減少熱損失。使用乾淨能源，如重油改天然氣，降低溫室氣體排放。製程改造，針對老舊製程汰舊換新，提升能源使用效率。裝置再生能源自發自用，以滿足用電大戶之責任需求。配合台電夏季限電方案減產，維持民生與經濟用電平衡。,✅,❌,-5.0%,1.00%,1.1%,"18,700",✅,,❌,0
潤泰材,水泥業,"674,336",,15.0%,❌,1. 首要透過設備升級與技術研發，解決主要排放熱源，包含持續透過製程優化改善(採行持續研發提升生產水泥原料替代、進行能資源整合餘熱利用等)、轉換低碳燃料(執行燃料替代)及提升能源效率(設備改造)等方式，致力於有效減少溫室氣體排放量並達中央主管機關指定目標。2. 進行產品創新，開發低碳水泥產品，主要藉由減少熟料的使用，將石灰石與熟料進行混合，相比傳統水泥預期將能降低15%至18%的溫室氣體排放量。此外，主要減碳策略包括轉換低碳燃料、製程改善及提升能源效率。,❌,❌,17.5%,1.00%,,,❌,,,"190,760"
世界,半導體業,"632,278",2050,45.0%,❌,淨零排放路徑以節電、減排、減量為主，輔以使用綠電及負碳技術；亦將持續推動與輔導供應鏈的低碳轉型。透過落實低碳轉型路徑、持續強化各項綠色行動。,✅,✅,-109.6%,0.95%,1.2%,741,✅,100% (2040),✅,0
幸福,水泥業,"606,630",2050,5.0%,❌,幸福水泥的關鍵減量策略包括：使用低碳燃料（替代煤炭）、製程改善（替代原料、降低熟料配比、水泥磨技改、特選水泥助磨劑、減熟料、節電）、提升能源效率（煤磨改立磨、煤磨系統改善、水泥窯技改、大型風車改造、生料磨改立磨、節能節電）、再生能源應用（餘熱發電、綠電配置、太陽能裝置），以及長期目標中的CCUS（碳捕捉、碳封存）技術和低碳水泥產品結構設計。並將積極響應國家2050淨零排放政策，結合環境部自主減量計畫制定2030年較基準年（2018-2022年平均值）排放量減少5%以上之目標。,✅,❌,,1.00%,,,❌,,❌,"98,186"
台玻,非金屬製品加工業,"598,880",,,❌,台玻的關鍵減量策略包括：持續碎玻璃回收使用以節約能源和減少溫室氣體排放；實施節能減碳措施以降低能源使用強度並設立減碳目標；開發綠色節能產品如Low-E玻璃；推動綠色採購；以及投入再生能源建置太陽能板。,✅,✅,10.2%,,2.6%,"8,784",✅,,❌,0
信大,水泥業,"592,622",,,❌,1. 綠色採購、增設綠電設備，並投資環保標籤之基礎設施設備 ( 實施期程 :2023~2025 年 )。,✅,✅,-13.4%,1.00%,,,❌,,❌,"69,014"
力積電,半導體業,"582,944",2050,14.0%,❌,針對製程所使用的含氟溫室氣體減量，除持續進行源頭管理評估物料取代外，亦致力提升末端除害裝置之處理效能或汰換老舊設備。2024年積極推動包含製程尾氣處理設備之汰舊換新、增加製程尾氣之處理範圍及安裝高效率製程尾氣處理設備於新設機台等實際減量計畫運作。主要方案包括：汰換現場製程尾氣處理設備、增加製程尾氣處理範圍、妥善處理製程排放含氟氣體。,✅,❌,-59.0%,1.00%,0.9%,"1,000",❌,30% (2030),❌,0
遠東新,石化業,"569,532",2050,50.0%,❌,提升能源效率：透過製程改善、設備改善、能源管理三大方向提升能源效率。低碳燃料替代：逐步將高碳排放的水煤漿和重油鍋爐替換為碳排放量較低的天然氣鍋爐，以及織染廠使用生質燃料。發展再生能源：積極投資設置多元再生能源發電設備，並逐年外購再生電力，提升再生電力使用比例。使用碳捕捉及再利用（CCU）技術：本公司首創全球廢氣回收再製聚酯技術，將鋼鐵廠回收的廢氣，透過特殊微生物發酵技術生產乙醇，再製成聚酯產品。原料使用轉型：採用低碳替代原料，包含回收再生料和生物質，以廢棄物為原料，達到循環經濟之願景。,✅,✅,9.7%,,14.0%,"21,960",✅,,❌,"185,210"
奇美實業,石化業,"542,811",2050,42.0%,符合1.5°C目標,奇美邁向淨零三大方向為：1. 製程轉型：提升能源使用效率、減少原材料耗用、加速廠內設備汰舊換新。2. 能源轉型：使用潔淨天然氣為主要能源、自建太陽能電廠、洽談離岸風電購電協議（CPPA）、評估氫能導入。3. 循環經濟：導入碳捕捉再利用技術（CCU）、廢棄物減量與再利用。,✅,✅,-6.5%,,7.2%,"22,000",❌,40% (2035),❌,0
欣興,電子業,"537,380",2050,30.0%,❌,欣興電子已採取多項關鍵策略，已持續朝永續目標前進，欣興預計於 2024~2026 年間在 6 廠區各設 1~2 座氫能發電廠，積極導入綠色能源以降低碳足跡，並提升能源自主性。此外，我們持續優化生產流程、推動廠區智慧節能技術，並參與國際減碳倡議，以確保企業發展符合全球永續標準。,✅,❌,-20.6%,,,"1,200",✅,30% (2030),❌,0
南電,電子業,"442,870",,3.0%,遠低於2°C,公司運用 AI 技術優化製程，提升良率並降低原物料消耗，如刪減烘烤、植錫球及錫膏製程改善。此外，節能節水方案分為三類：製程能源減量、能源管理、公用設備效率提升。,❌,✅,-53.0%,2.00%,0.1%,347,❌,,❌,0
國喬,石化業,"437,353",2050,40.0%,❌,短期策略包括廠內加熱爐以脫氫逸氣取代天然氣燃燒、辦公/廠區生活家電設備採購優先考慮節能標章/環保標章。中期策略為申請設施/設備重大資本支出時將設備能耗列入技術評估、透過供應商分級管理並要求關鍵供應商執行碳中和等減碳目標。長期策略為購買綠電與引進負碳技術以配合國家2050淨零排放政策。未來預計減碳執行專案包含太陽能板增設工程、冰水機GC-351N汰舊換新、汽電廠空壓機汰舊換新。,✅,✅,-2.0%,,0.0%,"1,600",✅,1% (2030),❌,"191,366"
南亞科,半導體業,"430,324",,25.0%,遠低於2°C,南亞科技落實「創造共享價值」策略主軸，持續盤點營運過程可能產生環境衝擊，針對自然、氣候、能源、資源、污染排放及循環再利用等議題，從源頭產品設計及先進技術研發，以提供消費者使用更高效能及更低碳排放的產品，採用優於法規的標準與遵循國際永續框架，以持續避免或降低衝擊風險，並制訂相關永續績效指標來檢核。藉建廠規劃時購置PFC高削減率Local Scrubber，以及製程PFC用量減少方案的推動，設定減量目標是達到90%以上；在2021年至2024年間，製程PFC氣體削減排放比例均達到93%以上。,✅,✅,-34.0%,,4.4%,27,❌,25% (2030),,0
台肥,石化業,"413,921",2050,46.0%,❌,台肥公司的關鍵減量策略主要包括：硝酸工場DeN2O溫室氣體減量（初期以全廠碳排減量47%為目標，2040年減量35.5萬噸二氧化碳當量）；新建置2座2萬噸液氨儲運系統，以發展氫氨能；建置再生能源及儲能系統；研發大地友善肥料產品，以減少化學肥料使用量。,❌,❌,-10.6%,1.00%,4.8%,"2,000",❌,,❌,0
中纖,石化業,"410,657",,6.0%,❌,為致力於提升能源使用效率及達成國際溫室氣體減量趨勢，本公司節能減碳措施如下: 1. 汰除高耗能設備，改成低耗能設備，包含製程設施、電氣設施、LED 燈具..等。 2. 汰除老化隔溫包材、使用高效率隔溫包材，降低設備因溫度流失需重新加溫或冷藏，增加不必要之能源消耗。 3. 未投產時段，主動停止製程耗能加熱系統運轉，減少能源及燃料使用耗損。 4. 陸續進行馬達加裝變頻器、冷卻水/冷凍水雙吸泵浦整修陶瓷塗佈、照明設備汰換為 LED 燈、供氣系統整合等節能改善工程。 5. 持續推動垃圾分類減量與再利用策略，降低間接溫室氣體排放量。 6. 持續統計分析能源與產能與溫室氣體排放之關聯，以分析能源利用率，與減少直接溫室氣體排放量。 7. 採購與使用低汙染熱能與乾淨燃料天然氣作為本公司熱源之來源。 8. 進行鍋爐燒機改造工作。,❌,❌,24.9%,,0.0%,0,❌,,❌,"155,616"
華邦電,半導體業,"397,007",2050,42.0%,承諾設定科學基礎目標,碳排放管理 ( 溫室氣體盤查、產品碳足跡 )、能源管理系統、水資源管理系統、循環經濟、能耗設備汰換 ( 馬達與加熱設備 )、用量管理 ( 排氣系統節能 )、AI 智慧化能源監控 ( 智能空調 )、再生能源 ( 風能、太陽光電 )、製程氣體減量 ( 利用率提高 )、新式尾氣削減技術、含氟氣體替代技術、低碳原料、氫能、研究及實踐自然為本的解方、研究科技為本的解方、低碳運輸。,✅,✅,-30.8%,2.50%,5.9%,"1,318",❌,50% (2030),❌,0
旺宏,半導體業,"355,303",2050,,❌,旺宏訂定 2050 年淨零排放為長期目標，並規劃減量路徑作為定期績效檢驗指標。各廠將依據減量路徑規劃減碳專案並經過預算審查據以執行，每年執行各廠組織型溫室氣體盤查與驗證，每年追蹤減碳進度，並訂定每 5 年為一期檢視減碳績效，2025 年為第一個目標檢視點。預計 2025 年減量措施，包含：裝設氟系氣體削減設備、提升綠電使用率及節能措施等。2024 年之節能策略主要針對空調、冰機以及設備轉運調配節能，共執行 40 項節約能源方案。,✅,✅,-35.4%,,2.0%,430,✅,,❌,0
東聯,石化業,"343,759",2050,35.0%,❌,依據公司的長期管理目標，擬定「選用高選擇性觸媒、改善能源使用效率、使用再生能源與導入低碳燃料」四大策略。,✅,❌,-1.3%,1.50%,1.8%,109,✅,10% (2025),❌,0
力成,半導體業,"306,448",2050,15.0%,❌,力成科技的溫室氣體減量策略著重於用電管理及減少用電量，設定節電目標：年節電率達 1%。具體措施包含設備汰換 (乾燥機設備汰換、泵浦更換為 IE3 節能馬達、冷卻水塔濾材更換)、參數優化 (冰水主機冷凝器清洗保養、空壓機 PCW 冷卻水改冰水供應、區域風機運轉時間及頻率調整等)、照明汰換 (使用高效率 LED、調整部分區域照明管控方式) 及設置太陽能板自發自用。,✅,❌,-3.5%,1.00%,3.5%,,❌,15% (2030),❌,0
華新,鋼鐵業,"293,730",2050,15.0%,❌,三、氣候變遷因應策略：為因應極端氣候帶來之風險與機會，華新積極展開各項減碳行動，確立集團內溫室氣體減量目標，並成立節能減排小組，打造綠色低碳營運模式、並透過持續不斷的技術創新研發能力，提升綠色製程並精進綠色產品。策略主軸包含綠色生產、再生能源、綠色營運、循環經濟、綠色產品。,✅,✅,-0.1%,1.00%,10.4%,"5,500",✅,,❌,0
新纖,紡織業,"287,173",2050,22.0%,承諾設定科學基礎目標,為推動具體減碳行動，公司已將「節能減碳」納入永續發展政策主軸，透過製程優化、燃料替代、再生能源導入、廢棄物再利用、綠色採購與綠色產品開發等多元策略，逐步建構綠色商業模式。,❌,✅,,2.00%,1.7%,"5,079",✅,,❌,"16,778"
京元電子,半導體業,"280,120",2050,15.0%,❌,關鍵減量策略主要涵蓋：推動節能專案以提高能源使用效率、透過綠電轉供持續擴大再生能源使用、既有及新建廠區屋頂建置太陽能發電系統、廠務及生產製程閥體冷媒汰換為低GWP值冷媒、持續關注重碳權交易市場。此外，再生能源策略包括規劃太陽能板設置、簽訂綠電憑證購電協議（CDDP）、與能源公司合作開發案場。,✅,❌,-25.3%,,2.4%,,❌,20% (2030),❌,0
彩晶,光電業,"265,840",2045,30.0%,❌,瀚宇彩晶積極響應全球淨零轉型，訂定 2045 年達成淨零排放的長期目標，並啟動四大減碳策略：組織減碳、再生能源導入、供應鏈減碳、及低碳產品創新。,✅,✅,-17.9%,1.00%,2.2%,,❌,,❌,0
中鴻,鋼鐵業,"260,634",2050,25.0%,❌,"1. 實現節能潛力: 持續節能並增加綠電達成減碳目標。2. 提高綠電使用量並擴大綠電類別(光電、風電等)。3. 視氫燃燒系統成熟度、低碳氫供應時程和經濟可行性,熱能設備導入全氫燃燒系統。",✅,❌,,,0.8%,,✅,100% (2043),❌,0
威致,鋼鐵業,"248,917",2050,8.2%,❌,本公司主要減量策略包括：1. 提升設備能源使用效率，降低製程碳排；2. 規劃設置太陽光電系統自發自用，並購置綠電，提升再生能源使用比例，降低範疇二溫室氣體排放量；3. 汰換老舊高耗能設備，製程優化以降低單位產品碳排放量；4. 改變燃料類型，燃料油改成天然氣；5. 透過廢棄物循環再利用計畫，最小化廢棄物的產生量，同時最大化回收和再利用的量。,❌,❌,-10.3%,1.00%,,,❌,,❌,0
景碩,電子業,"236,715",2050,,❌,節能減碳六大主軸：新技術與設備導入 (魯式鼓風機汰換、熱泵系統取代電加熱、冰機汰換、冷卻水塔葉片更換、空調箱導入EC高效風車、K1K2汰換DC型FFU機組)；能源管理＆效率提升 (空調空壓能效管理與節能、空壓多機連控+定變頻管理、空壓高低壓分流/空調大溫差管理、冷卻水塔風扇變頻&出水溫度管理)；廠務系統整併優化 (集塵系統管路整合、空壓機設置熱回收、空壓站通風改善、空調/排氣系統整併&降頻節能)；水設備與純水 (廢水廠流程&管理、RO節能與全廠節水)；其他管理面 (K6建置太陽能光電&直購綠電、能源綜合有效(循環)利用、評估氫能發電&其他再生能源、儲能與綠能專案拓展)。,✅,❌,-16.7%,,0.9%,,✅,,❌,0
台勝科,半導體業,"229,103",2050,25.0%,遠低於2°C,公司設定2050碳中和目標，透過「六綠」原則（綠建築、綠能源、綠採購、綠製程、綠排放、綠產品）推動氣候策略藍圖。策略包括整合氣候議題至管理面向、推動低碳供應鏈與範疇三盤查、節能改善、規劃再生能源建置與採購再生能源憑證，並設定2030年範疇一、二溫室氣體排放減量25%及再生能源使用比例25%目標。,❌,✅,-12.6%,,,,❌,25% (2030),❌,0
南茂,半導體業,"224,960",2050,,❌,南茂淨零排放策略以綠色能源計畫、發展綠色生產、調適與緩解氣候變遷、永續行動與綠色影響力等五大主軸展開具體行動計畫。減碳方法主要包括：① 內部運營節電與能效管理；② 綠電案場導入及建置、綠電憑證購買；③ 其他：碳捕捉技術 or 碳權市場交易。,✅,✅,-3.8%,3.02%,0.6%,"7,206",❌,10% (2027),❌,0
凌巨,光電業,"224,923",2050,38.0%,❌,1. 溫室氣體自主減量計畫：持續發展並優化自主節能、節水措施，逐步汰換為節能設備，以達到能源使用最優化，採行溫室氣體減量措施，能有效減少溫室氣體排放量。,✅,❌,,1.00%,0.0%,,❌,,❌,0
力鵬,石化業,"208,485",2050,,❌,持續推動各項自主減量計劃，檢討減量策略及行動計劃，透過汰換節能設備、燃料替代、製程改善..等，滾動式的修正，朝向減碳的目標邁進。以低碳環保、永續循環為主軸，持續推動綠能循環經濟計畫，未來分階段達成綠電建置外，也將生產流程、產品研發注入綠色環保的概念，利用自行研發的回收技術，減少原料的使用，優化生產製程，進而有效節能減碳。,❌,✅,8.4%,,,,❌,,❌,"71,052"
台苯,石化業,"200,747",2050,30.0%,❌,採取再生能源（太陽能發電）和節能改善（廢熱回收、採用高效能設備型式、製程6號重油改用天然氣、塗佈節能複合材料、製程改善優化）雙管並行。中期目標聚焦於優化能源結構並持續進行節能改善，長期透過導入降低生產過程碳排的節能製程技術，結合碳捕集利用與封存跨業合作（CCUS），以及購買綠電或碳權交易。,✅,❌,-4.4%,1.00%,1.5%,781,✅,,❌,"76,628"
榮剛,鋼鐵業,"192,034",2050,45.0%,❌,榮剛持續推行減碳措施，例如：製程優化、設備改善、再生能源使用。具體行動包含：1. 落實執行ISO 50001能源管理系統；2. 熱製程簡化，專案管控，減少浪費，提高資源使用效率；3. 採購節能機台，採用IE3或以上的高效率馬達並納入節能設計；4. 提高設備燃燒效率；5. 廠房屋頂建置太陽能發電系統；6. 採購再生能源；7. 以能資源管理平台監控工廠耗用情形。,✅,❌,-0.4%,1.00%,0.2%,"3,158",❌,,❌,0
海光,鋼鐵業,"185,131",2050,6.0%,❌,配合國家整體溫室氣體減量策略發展，兼顧資源效率、能源節約、環境保護的永續能源發展目標，加強碳資訊揭露，提升碳管理能力。持續推動 ISO 50001 能源管理系統、ISO 14064-1 溫室氣體盤查，汰換生產設備，降低因生產產生碳排放。公司內部節能減碳措施包含逐步將傳統式日光燈全面更換為LED 燈、訂定合理契約容量與可停容量、採用電力監控系統以提升整體用電管理效率、逐步汰換廠內老舊設備、使用再生能源以減少外購電力消耗。另，小港廠自2019年起透過50 噸精煉爐改為爐底出鋼方式，兩廠同時配合台電「日減6時基準容量抑低措施」及「需量競價活動」調整用電時機，並陸續改善與汰換製程與設備。,❌,✅,-5.4%,,,,❌,,❌,0
大立光,光電業,"164,275",,,❌,"擬定碳減量計畫與再生能源策略，持續進行節能減碳措施。導入高效率空調、製程冷卻與照明系統(如變頻空壓機、LED照明)。溫控調整或增設定時裝置以降低運轉耗電。推動E化系統減少用紙消耗。設置電力監控系統。安裝節水設備，定期記錄用水流量及分析。高耗能及老舊設備汰換。新建廠規劃建置1,100KW太陽光電。尋找合適再生能源取代傳統能源。廠區綠化。廠區內生產製程物料使用源頭控管，避免使用現行環保技術無法處理的原物料。",❌,❌,,,0.0%,,❌,10% (2028),❌,0
福懋,紡織業,"161,770",2050,33.8%,遠低於2°C,轉換低碳燃料、使用再生能源、製程改善、停用燃煤，燃油轉天然氣，使用太陽能發電，並購買綠電、運用負排放技術、導入先進製程技術與製程設備改善、提升生產與能源運用效率、落實零煤政策、與供應鏈合作以環保回收材料，開發綠色低碳產品。,❌,✅,,,,,❌,,❌,0
力麗,石化業,"156,729",,,❌,"提升能源效率: 優化製程管理,提升整體能源使用效率; 使用低耗能製程設備,減少不必要能耗; 建置製程餘熱回收系統,提高能源再利用率; 推廣節約能源; 實施廢料與廢水回收再利用,提升資源循環效益; 降低產品單位能源消耗,強化生產效率。使用替代燃料: 檢討並開發新設機台之低碳能源應用模式,包括: 生質能燃料; 固體回收燃料(SRF); H2(氫、氨未來燃料應用技術的開發); 其他。發展再生能源: 規劃建置綠能發電設施,提升自有再生能源比重,包括: 太陽能發電; 風力發電。",❌,❌,5.4%,,,,❌,,❌,"18,650"
富喬,非金屬製品加工業,"151,359",2050,,❌,"製程改善：(1)斗六廠於 2020 年新建純氧系統，導入純氧燃燒製程，2024 年減少溫室氣體排放量約 934 公噸(CO2e/年)。(2)玻璃纖維製造程序製程經研發，改變原物料及生產程序後部分產品只需使用電窯爐及坩鍋生產，減少耗電量。電力改善：(1)虎尾廠於 2021 年底完成建置太陽能再生能源發電容量約 1,854KW，2024 年減少溫室氣體排放量約 1,203 公噸(CO2e/年)。(2)冰水主機汰舊更換高效率冰水主機、(3)水洗式空調變頻控制、(4)空調箱送風/回風風車馬達加裝變頻器、(5)冷卻水泵浦操作開度調整、(6)將傳統燈具陸續汰換為 LED 燈，提升能源效率減少耗電量。",❌,❌,0.6%,,1.2%,"1,854",❌,,❌,0
華通,電子業,"145,463",2050,30.0%,❌,華通透過能效提升和設備汰換兩個主要路徑進行減量行動，並依據各廠區特性，規劃多元的健康促進活動，也培養每一位員工都能建立自救救人的能力，2024年舉辦各種健康促進系列活動，以達能耗強度下降之長期目標。,✅,✅,-133.3%,1.00%,33.1%,"3,900",✅,30% (2030),❌,0
燁輝,鋼鐵業,"145,362",2050,22.0%,❌,"燁輝企業的關鍵減量策略包括：1. 減碳承諾：2030年減碳22%、2040年減碳42%、2050年實現碳中和。2. 節能管理：2024年完成36項節能專案，節能10,946.4GJ，減碳696.4噸CO2e。持續推動節能減碳措施。3. 再生能源使用：於高雄一廠、屏東廠區架設太陽能板，自產能源。4. 低碳產品開發：開發低碳排綠色鋼材、高再生比例電爐煉鋼原料、低碳排單塗背漆、低碳鋼品等。5. 碳管理機制：擬定溫室氣體盤查及查證計劃，因應台灣碳費徵收、歐盟碳邊境調整機制(CBAM)。建立碳排放數據管理系統。6. 製程優化與設備更新：導入智慧製造，提升設備能資源效率，廢熱回收再利用，製程優化降低不必要的耗能。7. 擴大低碳經濟：擴大電爐原料應用，推動環保低碳綠能產品研發及拓銷。",❌,❌,-8.5%,,1.3%,,✅,,❌,0
環球晶,半導體業,"145,193",2050,,承諾設定科學基礎目標,為達成溫室氣體減量，擬定策略如下： (1) 採用再生能源：以自建太陽能發電系統、導入汽電共生系統與購買外部再生能源（例如：簽署長期購電合約 PPA、購買 RECs 或者其他相同於 I-REC 的再生能源憑證制度）同時並行持續提升再生能源之使用比例。(2) 提升能源使用效率：透過設備改良進而降低設備耗用之能源。(3) 購買碳補償商品：透過購買碳排放交易額度來抵銷其碳排放量。(4) 碳清除：支持推展植樹計畫並參與其他自然解決方案及自然保護計畫。(5) 上游價值鏈減碳：依照原物料造成的排放量將供應商分成三種等級，用以落實供應商的產品碳足跡第三方盤查，並且持續追蹤供應商提出的減碳路徑計畫，邀請大宗碳排放量供應商共同響應科學基礎減量目標倡議（SBTi），以達成範疇三的減量。,✅,✅,-4.8%,4.00%,6.6%,"52,438",❌,100% (2040),✅,0
穩懋,半導體業,"144,869",2050,42.0%,❌,穩懋淨零路徑：2021-2022年成立節能減碳專案小組、更換為高效率含氟溫室氣體削減設備、規劃製程氣體排放減量、規劃使用較低碳能源、依循SBTi訂定淨零排放目標。2023年持續更換為高效率含氟溫室氣體削減設備、首次導入ISO 50001能源管理系統、製程氣體排放減量、使用較低碳能源(台電)、自設太陽光電系統。2024年使用自設再生能源、使用較低碳能源(台電)、提高能源使用效率、持續更換為高效率含氟溫室氣體削減設備。2025-2030年全面建置ISO 50001能源管理系統、逐步更換為高效率含氟溫室氣體削減設備、製程氣體減量或取代高潛勢溫室氣體使用、逐步提高再生能源使用、原物料及用電減量。2040年積極關注新興的溫室氣體減排技術、逐步提高再生能源使用、價值鏈減量、使用低碳原物料及低碳運輸。2050年殘餘碳排將採取相關措施中和而達到淨零排放、100%使用再生能源。,✅,✅,-0.5%,1.00%,0.2%,314,❌,30% (2030),❌,0
台橡,石化業,"144,345",2050,22.5%,❌,台橡自 2021 年制定永續策略後，積極推動減碳行動，訂下短、中、長期減碳目標，預計 2030 年碳排相較於 2021 年減少 22.5%，為達目標，台橡從上到下、從內到外，動員同仁們一起發想減碳的可行方案及機會，並鼓勵同仁參與各項減碳行動。鑑於台橡是製造業，集團範疇一及範疇二碳排熱點是減碳重點，因此台橡致力於優化製程、汰換高耗能機器設備、設置太陽能發電裝置、使用低碳燃料等，積極減少製程中直接與間接的碳排量。同時，在日常營運也沒忽略可能減碳的機會，將營運會產生環境碳排、用水等能資源耗用也列入考量，在增加營運效率、降低營運成本的同時，亦達成環境減碳的貢獻。,✅,✅,4.6%,,1.4%,,❌,10% (2025),❌,0
台聚,石化業,"142,391",2050,27.0%,❌,中期減碳策略將朝低碳能源轉型、能源效率提升、智能化監控、再生能源設置與使用進行，長期減碳策略將持續關注低碳燃料、碳捕捉再利用技術及負碳排技術，落實碳中和目標，推動永續發展。,✅,✅,-10.1%,1.18%,0.0%,"8,600",❌,,❌,0
頎邦,半導體業,"135,476",,23.0%,❌,1. 汰換耗能設備汰舊換新（老舊馬達及泵浦、冰水機冷卻水泵、空壓機、乾燥機及真空機設備）。,✅,❌,-8.9%,1.00%,0.2%,,❌,,❌,0
中聯資源,非金屬製品加工業,"129,511",2050,25.0%,❌,燃料替代（高雄廠/海廠、台中廠）、再生能源使用比例提升（逐步達到100%）、汰舊換新設備、深化能效提升與智慧分析控制、碳捕捉、利用與封存（CCUS）、燃料無碳化（氫能或生質燃料）。,✅,❌,11.6%,1.00%,2.0%,"1,867",✅,1% (2030),❌,"15,845"
茂矽,半導體業,"125,937",2050,42.0%,❌,"台灣茂矽多年來持續進行環保升級與節能改善措施,包括:碳盤查與第三方驗證、節能設備更新(逐年汰換舊有冰機,導入節能型設備)、減少溫室氣體排放(針對含氟廢氣加裝Local Scrubber,將氟類氣體排放降低至原有的5%以下)、節能照明(全面汰換廠區照明為LED燈具)。此外，執行之節能減碳措施包含：設備更新（CVD設備後端Plasma Local Scrubber、R3冰水主機、廠內照明燈具）、工程控制（冰機及空壓機最佳運轉調配、適時灑水、太陽能面板及路燈提供部分照明）、行政管理（照明使用管理、空調設備管理、生產設備管理、購買再生能源、更換變頻式幫浦）。",✅,❌,-5.6%,2.00%,1.3%,30,✅,,❌,0
南紡,石化業,"123,999",2030,11.1%,❌,訂定公司集團減碳路徑規劃，透過能源盤查、製程改善、提升能源效率、轉換低碳燃料（如太陽能發電、推展節能措施），並取得抵換專案申請之碳權。,✅,❌,2.1%,1.50%,1.8%,,✅,,❌,0
精材,電子業,"118,493",2050,15.0%,❌,精材公司透過「123 環境專案」設定了節能減碳、廢棄物減量、節水目標，並承諾於2024年再增購100萬度再生能源。工廠方面，積極推動綠色製程及環保節能減碳措施，評估再生能源購買，提升尾氣削減設備安裝率，逐年更換節能設備，並訂立廠區各項節能規範，以減少溫室氣體排放總量。在TCFD框架下，公司計畫透過降低碳排、能效提升、使用再生能源、含氟氣體削減、碳抵減技術等多面向推動減碳策略。,✅,❌,-7.7%,2.00%,1.0%,,❌,7% (2030),❌,0
福懋科,半導體業,"112,003",2030,25.0%,遠低於2°C,製程改善、節能、綠色採購、綠電採購、水資源循環再利用、規劃再生能源建置。,✅,✅,-3.0%,1.50%,3.1%,,,35% (2030),❌,0
集盛,紡織業,"110,626",,25.0%,❌,"本公司以淨零碳排為最終目標,也訂定出淨零策略,分別為「製程改善」、「能源轉換」、「循環經濟」。",✅,❌,-0.8%,1.00%,1.8%,"3,368",✅,,❌,"9,022"
永豐實,造紙業,"109,561",2050,42.0%,❌,加速能源轉型、投資低碳設備、啟動兩階段燃料替代（第一階段：2024起台灣主要生產基地清水廠使用液化石油氣LPG與生質燃料取代石化油氣；第二階段：2025年第一季天然氣鍋爐建置完成啟用，取代既有燃煤鍋爐供應蒸汽，大量降低製程的碳排放。）、持續投資新紙機（低碳排、低耗能、低耗水）、導入ISO 50001能源管理系統、設備改造、生產製程改善、低碳燃料替代燃煤、參與台電需量反應負載管理。預計 2028 年達成碳排放量較基準年減少 40%。,✅,❌,,1.90%,20.6%,"3,833",❌,,❌,"23,840"
亞聚,石化業,"107,965",2050,27.0%,❌,短期: 執行節能減碳方案、更換節能設備、使用綠電; 中期: 低碳能源轉型、智能化提升能源效率、建置太陽能設備; 長期: 碳捕捉技術、碳排技術、低碳燃料使用,✅,❌,-25.0%,1.50%,0.0%,"8,600",✅,,❌,0
華夏,石化業,"104,627",2050,27.0%,❌,中期減碳策略：低碳能源轉型、能源效率提升、智能化和監控、設置再生能源。長期減碳策略：關注低碳燃料、碳捕捉再利用技術、負碳排技術。,✅,❌,-18.6%,2.66%,0.0%,"1,881",✅,27% (2030),❌,0
金居,銅製造業,"104,357",2050,,❌,1.新轉動設備使用最新高效率等級及變頻控制 2.照明採LED 3.鍋爐採天然氣 4.設備逐步汰舊換新 5.設置太陽能系統 6.評估綠電使用可行性,❌,❌,2.6%,1.00%,1.4%,"2,100",❌,,❌,0
超豐,半導體業,"101,003",2050,10.0%,❌,基準年以 2022 年為基準 (Scope1+2)，短期：2025 年減量 3%，中期：2030 年減量 10%，長期：2050 年朝向淨零排放之路徑前行。用電量年減 1%，為因應氣候變遷、促進公司永續經營及配合法規。推動環境管理系統 (ISO 14001)，製程降低能源使用，減少碳排放量。為保護環境盡最大的力量。自 2016 年自願性進行溫室氣體盤查。,✅,✅,,1.00%,0.9%,,❌,,❌,0
大統益,食品業,"100,777",,3.3%,❌,本公司面對全球氣候變遷，遵循國家淨零轉型目標，透過能源轉型、節能推動和製程改善等3大努力方向，積極推動節能減碳，以永續經營並善盡企業社會責任。策略包含持續推動製程的節能減碳、購買再生能源電力及憑證、評估建立碳足跡查證與提供低碳產品服務的機會。,❌,❌,-3.6%,,0.4%,,✅,,❌,0
宏遠,紡織業,"95,849",2050,50.0%,❌,以2020年為基準年，推動三大減碳策略：策略一：設備更新、綠能佈局；策略二：設備汰換、能效提升；策略三：製程管理、智慧工廠。透過鍋爐改用低碳燃料、再生能源導入、水回收系統優化與化學品源頭管理，全面強化減碳與資源管理能力。,❌,✅,10.1%,,14.2%,"4,088",❌,20% (2030),❌,"53,674"
冠軍,非金屬製品加工業,"88,417",2050,,❌,公司推動能源與資源整合，檢討推動進度，提高各項節能減碳改善技術。研發綠色產品，提高產品之回收廢棄使用，減少生產製程之碳排放。規劃進行碳足跡盤查，設定短、中、長期碳排放目標，因應法規衝擊。推動節能與高效率設備，並制定節電目標，持續降低生產產品之用電量。推動製程能源耗用減量、能源重複使用、廢熱回收技術、設備效率提升及能源管理等節能改善措施。以循環經濟概念，致力於廢棄物之源頭減量、製程減廢及回收再利用，以達到廢棄物產出量最小化與資源再利用最大化。依法落實執行廢棄物清運及處理廠商之資格審查與管理，確保廢棄物妥善處理。,✅,❌,8.6%,1.00%,0.0%,,❌,,❌,0
燿華,電子業,"87,483",2050,30.0%,❌,提升能源效率、購買節能設備、建置太陽能發電系統、評估低碳燃料/能源選擇。,✅,❌,3.9%,1.00%,0.0%,"1,000",❌,,❌,0
唐榮公司,鋼鐵業,"86,380",2050,47.0%,❌,公司短期目標為2025年前減少10%溫室氣體排放；中期目標2030年前減少47%溫室氣體排放；長期目標2050年前各營運據點溫室氣體排放為零。主要減量策略包括製程改善、耗能設備替換、投資發展綠能（太陽能電場）、節能、節水與能資源有效管理、資源循環利用與減廢、參與區域資源整合、計畫投資節能低碳創新技術（量子電爐、氫能等）及碳捕捉及封存技術（CCUS）。113年度已完成六項節能專案，如更新泵浦、煉鋼空調水系統管路與管理改善、煉鋼冷卻水電控更新為變頻控制系統等。,❌,❌,-4.5%,1.00%,1.2%,"3,000",❌,8% (2030),❌,0
中碳,石化業,"83,694",2050,5.0%,❌,"本公司致力於達成碳中和目標,規劃以提升能源效率與能源使用來源等製程減碳措施,使本公司於氣候變遷因應歷程能維持企業競爭力。本公司由價值鏈分析出發,每年參考國際機構研究並配合集團碳中和減碳路徑規劃之期程,評估各時間長度下可能遭遇之轉型風險、實體風險以及機會等議題,從而建立可代表本公司營運特性之氣候風險與機會議題清單,並分析對於本公司經營模式與價值鏈之影響。",✅,❌,-16.3%,1.68%,0.0%,732,✅,,❌,0
金像電,電子業,"83,259",,46.7%,❌,為實現碳排放總量與強度雙重下降目標，金像電於2024年推動多項具體減碳措施，涵蓋能源效率提升、設備汰換、製程優化、再生能源導入與間接排放管理等層面，逐步建構具體可量測之低碳轉型架構。具體措施包括汰換高耗能設備、馬達汰換、再生能源T-REC採購、異地材料採購。,✅,✅,3.4%,1.00%,28.3%,,❌,47% (2030),❌,0
鋼聯,石化業,"82,523",2050,34.0%,❌,鋼聯的淨零排碳策略及路徑規劃包含替代還原劑、使用再生能源、使用電動車替代柴油、推動能源管理、製程調整及碳捕捉及封存等方案。針對產品面，策略是循環經濟產品粗氧化鋅；低碳投資方面，依據減碳目標進行低碳轉型方案；營運活動方面，持續節能減碳。,✅,✅,1.3%,1.00%,0.0%,"1,356",❌,,❌,"34,128"
正新,石化業,"79,551",,22.0%,❌,節能減碳委員會，各廠節能措施定期報告計畫及成果。提出自主減量計畫方案。推動節能方案，主軸面向則放在製程/廠務設備最佳化、舊設備汰換與節能控制管理等。代表性節能方案包含設備提升改造、更換節能設備、技術優化、綠能使用。,❌,❌,,1.00%,2.2%,,❌,12% (2030),❌,0
統一,食品業,"77,562",,38.0%,❌,統一企業的減排措施包括以低污染的天然氣取代燃料油，每年實施節能專案（內容包含設備汰換改造、設備參數優化、生產流程調控等），2024年重點為冰水主機汰換與鍋爐系統改良。持續進行產品碳足跡標籤認證。在價值鏈排放方面，針對交易金額前20大的供應商進行溫室氣體盤查及節能減碳教育訓練。具體行動計畫還包括增設太陽光電、提升能源使用或導入高效節能設備與購買綠電，使用潔淨能源（重油改天然氣）、採用高效率照明、高效率泵浦/馬達、沼氣發電、熱泵、磁浮冰水主機、氣浮鼓風機、空壓機及冰水系統採變頻主輔機整合、廢熱回收、製程改善、提高設備效率等專案。,✅,✅,7.8%,1.00%,,"2,560",❌,,❌,0
統一實,鋼鐵業,"76,339",2050,25.0%,❌,短期: 使用高效率設備與製程，包括:持續設置太陽能光電，並購買綠電。長期: 所有燃料設備(鍋爐、退火爐)都要使用天然氣或電能，並參照世界鋼鐵廠及飲料廠的最新技術進行相關減碳作業。,✅,❌,7.5%,1.50%,0.9%,"3,350",✅,10% (2029),❌,0
國巨,電子業,"75,048",2050,,❌,2024 年，我們整合「自動化生產」、「製程數位化」與「能源管理優化」三大策略，創造兼顧環保與營運效能的新標竿。我們逐步擴大再生能源使用與水資源管理目標，確保企業營運與環境保護並行不悖。同時，國巨全面對照 TCFD 架構進行氣候風險識別與資訊揭露，建立包含碳排放、用水、再生能源等關鍵指標的追蹤機制，強化永續治理基礎，穩健邁向 2050 年淨零排放目標。/ 目前公司主要策略為強化研發能力以符合客戶低環境衝擊產品的需求，同時透過提升再生能源使用率，設定各廠節能目標、提升單位產能績效降低生產之能源耗量，更預計逐步於各廠建置再生能源系統及導入 ISO 50001 能源管理系統。,✅,❌,-7.8%,1.00%,4.5%,"1,700,000",❌,,❌,0
盛餘,鋼鐵業,"74,472",2050,,❌,盛餘以具體行動減碳節能，努力提升能源使用效率及使用對環境負荷衝擊低之物料，2024年透過各項節能設備改善每年可減少碳排565.85公噸CO2e。以減少能源耗用及碳排放作為目標，自願加入政府推動的溫室氣體自願減量專案及承諾減碳。持續管理全廠能源使用，針對能源的耗用不斷改善提高使用效率，並擬定短期、中、長期碳排減量目標。策略包括尋找更加環保和低碳的生產方式、推動低或淨零碳產品研發、透過技術評估推動共享經濟和合作、定期評估和規劃供應鏈策略以應對價格波動、積極承擔社會責任推動產業協作解決碳排放問題、建立整體防災和應急管理體系、加強基礎設施建設以應對氣候變化、加強研究開發新的再利用技術提高回收效率、持續推動水資源管理和節水措施、加大對可再生能源的開發和利用、改善競爭地位以反映消費者偏好轉變、積極參與推動政府制定的可再生能源政策和法規。,✅,❌,-10.0%,,0.7%,"1,950",❌,,❌,0
華泰,電子業,"71,037",,23.0%,❌,自 2020 年起，華泰電子逐年推動節能減碳方案，包含以下四大措施： 1. 優化設備運轉時數，減少公用設備閒置能耗 2. 汰換老舊設備，提升整體能源效率 3. 導入太陽能設施，擴增再生能源使用占比 4. 購買綠電與取得憑證，強化低碳能源結構。,✅,❌,3.0%,3.10%,1.2%,435,❌,0% (2030),❌,0
和益,石化業,"67,653",2050,1.3%,❌,"短期、中期、長期減碳因應策略: 節能改善 (持續推動節能減排改善措施、電器設備裝置智慧電錶、建置能源監控系統、依監測結果汰換高效率設備)；能源轉型 (電力一定比例採用永續能源、燃油設備逐步更換為天然氣)；循環經濟 (廢棄物減量)。實際執行方面，和益林園廠自2011年起逐步將製程加熱爐燃料油改為液態天然氣，2017年已全部更換完畢。2024年購買再生能源用電654,000度。聯超屏南廠2012年進行高效率汽提技術節省蒸氣量2,063噸、節省燃油147噸，2020~2022年間進行熱媒鍋爐尾氣回收，減少油量16.8萬度。和協屏南廠自2021年起將製程加熱爐燃料油改為液態天然氣，2022年將蒸氣鍋爐燃料油改為液態天然氣。",✅,✅,-0.5%,,0.2%,,❌,,❌,0
合晶,半導體業,"63,726",2050,14.0%,❌,透過綠色採購，購買環保標籤之基礎設施設備（實施期程 :2023~2025 年）；購置儲能及電力調節系統，提升能源使用效率（實施期程 :2026~2030 年）；購買綠電、太陽能發電（實施期程 :2025~2030）；持續落實能源管理系統 ISO 50001:2018，每年度推行節能專案（實施期程 2023~2030）。,✅,❌,-15.8%,1.50%,1.2%,,❌,5% (2030),❌,0
得力,紡織業,"63,307",2050,50.0%,❌,公司推動循環經濟，整合供應體系，加強產品，製程低碳轉型，並落實管理，進行嚴謹的成本控制。不斷創新產品縮短開發交期，提升顧客服務品質，提高產品附加價值，提供客戶多樣化產品選擇，全面解決方案滿足消費者需求，維持高度競爭力。公司發展友善環境的綠色產品，推出符合國際潮流的「時尚」、「機能」、「環保」及「智慧」四大需求的產品，並積極尋找新的投資發展機會。為具體實踐減碳承諾，得力實業於2024年完成燃煤蒸氣鍋爐的汰換，目前蒸氣鍋爐已全面改用天然氣等低碳能源，並預計於2025年全面停用煤炭，將熱媒油鍋爐同步轉換為天然氣設備。公司亦持續推動ISO 50001能源管理系統，針對重大能耗單位規劃並執行各項節能措施，其中以染色製程的優化成效最為顯著，節電率達12%。這些具體行動顯示出公司在節能減碳及永續發展方面的積極作為與成果。,❌,❌,10.1%,,,,❌,,❌,"11,498"
漢磊,半導體業,"62,555",2050,,❌,從源頭減量(使用碳排放量較低原物料、評估源頭減量方案、尋求替代原物料並改善製程)、提升能源效率(規劃節電計劃、汰換老舊耗電設備與降低整體用電、每年評估新增節能措施、逐年提升設備運轉效率、達成節能減碳、全廠設備節能幫浦持續更換)、安裝製程廢氣處理設備(減少產品生產過程的溫室氣體排放、規劃購置電漿加熱式廢氣洗滌)、評估再生能源及綠電採購專案、製程氣體由 C4F8取代 C3F8減少 PFCs 氣體排放量。,❌,✅,-21.3%,1.00%,0.8%,,❌,,❌,0
台糖公司,食品業,"62,529",2050,,❌,根據「2.2淨零轉型策略」說明，台糖公司規劃出五個方向的減碳策略：,❌,❌,2.3%,,8.2%,"543,640",❌,,❌,0
勝一,石化業,"59,136",2050,30.0%,❌,減毒、節能、減碳為經營使命，用無毒、低毒原料替代高毒原料、用生質燃料替代重油來減少碳排放量、設置太陽能發電設備產出零碳電力，並進行多項節水節電措施。加強設備檢修、汰換設備、增購節能與高效率設備，並制定節電目標，持續降低產品單位用電量。推動製程能源耗用減量、能源重複使用、廢熱回收轉作蒸氣投入製程技術、設備效率提升及能源管理等改善措施。進行產品碳排量調查，並針對高碳排量產品研擬相關對策。投入低碳產品開發，降低公司製程碳排放。統計年度碳排量，推動部門減碳行動比賽，以達到全公司一起減碳行動。進行碳足跡盤查，設定短、中、長期碳排放目標，達到溫室氣體管理目的。設備汰舊換新以降低碳排。規劃導入再生能源以降低製程碳排。,✅,✅,,,17.7%,50,❌,,❌,0
榮科,銅製造業,"58,723",2050,30.0%,❌,公司減碳措施主要著重於節電及節省蒸氣使用，近幾年持續改善優化廠內設備，包含冰水幫浦陶瓷披覆、汰換冰水機、更換冷卻水塔風扇扇葉。配合國家溫排減量政策及公司自主減量規畫，於 2023 年開始使用再生能源電能 (綠電憑證)。未來將繼續透過盤點、修繕或汰換高效率之節電設施，逐步邁向實現低碳轉型之願景。,❌,✅,-10.6%,,1.2%,499,✅,10% (2030),❌,0
敬鵬,電子業,"58,414",2050,,❌,實施節能方案、導入內部碳定價 (ICP) 機制、應用於節能減碳專案及再生電力、鼓勵投資負碳技術與低碳創新、擴大自發自用太陽能裝機容量、汰換高耗能設備、規劃使用再生能源及太陽能光電設置、推動低碳節能改善計畫。,✅,✅,-7.3%,5.00%,13.0%,,❌,30% (2030),❌,0
華東,半導體業,"56,593",2050,,❌,華東科技的關鍵減量策略包括：綠色工廠布局（全面碳排放盤點、導入低碳建築、優化基礎設施達成節能減排）、綠色供應鏈管理（推動供應鏈減碳、建立供應商管理規範、優化產品碳足跡）、綠色產品與低碳製程（降低能源消耗與溫室氣體排放、優化產品設計與製程技術、提升生產效率）、綠電導入與再生能源布局（啟動綠電採購、提升再生能源使用比例）。,✅,❌,0.3%,3.00%,1.0%,575,❌,,❌,0
華新科,電子業,"55,942",2050,15.0%,❌,公司制定了碳減排策略，包含每年至少1%的能源強度降低目標和逐步導入再生能源的計畫。長期願景與轉型路徑包含：(1)能源轉型：逐年提高再生能源使用比重，減少對傳統化石能源的依賴，透過自建太陽能發電、外購綠電及購買再生能源憑證等方式，循序漸進提高再生能源用電比例。(2)製程創新：投入研發低碳製造技術與設備升級，在生產流程中減少能源耗用和廢熱，提高生產效率。(3)產品與市場：開發符合綠色經濟需求的新產品，例如高可靠度、低能耗的被動元件，以支援電動車、5G、再生能源設備等應用，抓住氣候行動帶來的市場機會。,✅,✅,-5.6%,1.50%,,,❌,,❌,0
東盟開發,鋼鐵業,"55,475",2050,15.0%,❌,短期(2018年~2025年): 組織溫盤/碳足跡ISO取證、碳排熱點分析與減碳對策展開、太陽能/綠電儲能建置、能源管理系統建置/ISO取證、天然氣蓄熱技術導用、能源效率提昇&新節儲能設備導用、製程優化&低碳原料使用。,❌,❌,,1.00%,2.4%,"1,080",❌,,❌,0
中環,電子業,"54,694",2050,,❌,持續強化節能減碳措施，積極導入綠色製程與永續技術，降低營運活動對環境的影響。每年進行溫室氣體盤查，並落實廠內能源管理。開發多元且呼應永續趨勢的產品。內部節約用電為首，購買綠電為輔，具體行動包括：整併生產設備，汰除高耗能生產線，生產區域集中化管理，製程調整，汰除更換老舊廠務設備，以及鼓勵宣導員工節電。,✅,❌,,1.00%,0.0%,0,❌,,❌,0
東鹼,石化業,"54,160",2050,,❌,"為實現2050年碳中和的目標,東南實業導入自動化及大數據等技術,推動能源轉型,發展低碳製程,尋找綠色能源投資機會。以「鈣迴路碳捕捉小蘇打綠色製程技術開發」成功取得經濟部以大帶小製造業低碳及智慧化升級轉型補助。新建小蘇打廠，回收製程產生之二氧化碳，減少溫室氣體排放。",✅,❌,-17.3%,1.00%,0.0%,,❌,,❌,0
新唐,半導體業,"53,757",2050,48.8%,符合1.5°C目標,綠色製程：設置具處理溫室氣體效益的處理設備，以及發展再生能源。綠色營運：導入碳定價、提升能源效率、供應商減碳。綠色產品：開發綠色產品、晶片體積微小化。新唐持續投資前瞻製程，藉由製程精進，大幅縮減晶片體積，提升資源使用率，並降低能源消耗和溫室氣體排放，進而降低產品的整體碳足跡。,✅,✅,-0.5%,,1.4%,819,❌,2% (2030),❌,0
聯成,石化業,"51,544",2050,,❌,"優化苯酐(PA)/順酐(MA)觸媒性能提高產率,減少過氧化形成CO2排放；苯酐(PA)製程尾氣經水洗塔洗滌後,酸水生產富馬酸(FA),減少CO2排放；苯酐(PA)蒸餾殘渣於熱媒鍋爐熱回收,節省天然氣用量；苯酐(PA)氧化反應熱回收產生蒸汽,利用蒸汽渦輪機(TG)發電；可塑劑(PZ)廢醇於熱媒鍋爐熱回收,節省天然氣用量；可塑劑濾餅(PZ Cake) 製作聚氯乙烯粉/粒,減少廢棄物量；包裝材太空袋、棧板重複使用,減少廢棄物量。",✅,❌,-13.1%,1.00%,0.0%,,❌,,❌,0
誠美材,光電業,"46,383",2050,30.0%,❌,誠美材料的關鍵減量策略包括：汰換高效率鍋爐與高效馬達、更換 LED 燈管、更新鍋爐降低瓦斯使用量、冰水主機與馬達更新等以提升能源效率；製程墊片減量與重複使用、墊片回收循環、將廢塑膠混合物轉化製成「廢棄物衍生燃料」等廢棄物減量與資源化措施；以及其他節能減碳措施如更換 IE3 高效率馬達、二廠無塵室 FFU 設備更換、14 度二次泵內部施作塗層增加效率、冰水機房三台排風扇增設定時開關、參與台電電力交易平台補充備轉與台電須量反映、更新產線蒸氣鍋爐等。,✅,❌,-0.5%,,2.3%,"1,168",✅,,❌,0
宏捷科,半導體業,"46,239",2050,50.0%,❌,宏捷科技減量計畫為推動節能減碳與增設有效之尾端處理設備。減碳策略與行動包括：減少直接排放（Scope 1）建置電漿尾氣處理設備，減少高GWP氣體排放；減少間接排放（Scope 2）協議綠電購售合約，購買及使用綠電。,✅,❌,29.4%,,,,,20% (2030),❌,0
精金,光電業,"45,640",,30.0%,❌,節能減碳：長期推動「節能減碳措施」中長期規劃於 2030年碳排量下降30%（以2017年為基準）。主要措施包括：用電(照明、空調、冰水主機、ALK、MAU系統效能提升)、水資源(節約用水、汰換水龍頭馬桶)、廢棄物(減量政策、雙面列印、SRS系統建置)、製程氣體(100%設置高效能Local Scrubber設備，使用燃燒式處理)。,✅,❌,-29.4%,1.00%,,777,❌,,❌,0
台燿,電子業,"45,464",,42.0%,❌,降低待機能源耗損、推動各項節能專案（汰換舊機、更換變頻、節能設備替換等）、環保材料研發及引進、設置綠電裝置。,✅,❌,12.8%,,0.4%,"1,176",❌,,❌,0
元晶,光電業,"43,389",,,❌,對製程能源使用效率進行比較，調配出了最佳運轉模式，並將其應用於現場，以提高能源使用效率。負載管理方面，進行FAB照明管理，拆除舊燈具，並改用LED燈，以達到節能效果。節能措施方面，調整了空壓機壓力，減少起停次數，降低用電量。設施汰舊換新時，將優先考量購置符合節能、省電之設施，以降低用電量。節電計畫、使用綠電等減碳方案規畫。,❌,❌,-36.8%,1.00%,0.0%,,❌,,❌,0
采鈺,電子業,"41,970",2050,,❌,采鈺公司針對氣候變遷因應策略包括：設定積極減碳目標，於2050年全公司100%使用再生能源；提高資源使用效率，降低公司中長期營運成本，亦可達到節能減碳目的；持續進行溫室氣體盤查，分析排放現況並加以訂定減量目標。在範疇一減量方面，因應化學品使用與製程尾氣排放，設置LSC確保製程尾氣溫室氣體減量效益>98%，使公司的溫室氣體排放達到初步的處理。在範疇三減量方面，將針對原物料生產與能源相關活動，主動與供應商合作展開行動，並推動產品包材回收使用、包裝袋回收再利用、廢棄空桶循環再使用等措施。,✅,✅,-11.3%,,37.1%,30,✅,40% (2030),✅,0
巧新,鋁製造業,"41,909",2050,,❌,巧新科技將持續推動低碳轉型、創新研發與供應鏈合作，致力於引領鍛造產業邁向永續發展，共創更具韌性與永續的美好未來。策略包括：規劃調查供應商碳盤查執行狀況，未來評估推動重要供應商執行碳盤查作業；評估建置溫室氣體盤查及碳足跡平台，提升工廠低碳化及智慧化轉型；汰換高碳排設備，降低製程排碳量。,✅,✅,8.5%,1.50%,1.7%,"1,492",❌,10% (2025),❌,0
矽格,半導體業,"40,327",2050,25.0%,❌,積極推動各項節能措施（選用高效能設備、降低企業及產品能耗、鼓勵減少電梯使用、留意空調門窗關閉、隨手關閉照明設備）、擴大再生能源使用、持續進行溫室氣體盤查與查證、規劃購買綠電計劃與碳權、推動產品碳足跡盤查、高耗能設備汰除。,✅,✅,-1.3%,1.00%,2.9%,,❌,30% (2030),❌,0
聯合再生,光電業,"40,135",2050,24.0%,❌,公司中長期目標為 2030 年較基準年 2022 年減少總碳排放量至少 24±1% 以上，並於 2050 年達成碳中和。主要節能措施包含配合租客及產線調整 GEX 運轉頻率、逃生梯照明系統安裝節能開關、依照產線調整冷卻水塔機台運轉數量及調降 PUMP 頻率、辦公室燈具改為 LED 平板燈、依照產線調整無塵室 RCU 運轉頻率及 M6 模組廠裁撤關閉 9 台 RCU、依訂單現況進行節能型生產用電調配、調整乾燥機再生參數。,✅,❌,-43.1%,1.00%,0.0%,,❌,,❌,0
晶碩,眼鏡製造業,"39,960",2050,25.0%,❌,為了因應 2050 淨零目標，公司優先以主要生產據點龜山廠來訂定2030年階段性減量目標；從2025年起，規劃每年在類別一與類別二總量減量1%。減碳作為主要以提高能源使用效率(包含更換節能設備等)，以及規劃建置再生能源。晶碩規劃在短期(1-3年內)推動廠區的節能專案，包括耗能設備汰換以及增設太陽能板等方案；中長期而言，也將朝節能廠房、綠色製程及減少產品碳足跡的方向努力。,✅,❌,4.0%,1.00%,0.0%,,❌,,❌,0
南港,石化業,"38,973",2050,,❌,為響應國際推動 2050 年淨零碳排目標，積極減低製程能源消耗使用並提升綠色能源建置，以建築物節能降溫減少能耗為目標，用實際行動來減少溫室氣體排放量並遵循環境法規。 全面檢視原物料、製造、服務、回收等各個階段的活動，訂定策略與目標，更新設備以降低碳排放。 永續原材料替代石化原料（提高再生與回收資源使用比例、開發低碳替代材料）。 推動節能減碳，包含宣導節約用電用水、研究導入新原物料、盤查溫室氣體、汰換老舊設備燈具、提高廢棄物再利用率。 優化能源使用結構，以天然氣鍋爐取代燃油鍋爐。 新豐廠綠能（太陽能板）設置，規劃採購綠電憑證。,❌,✅,28.5%,1.00%,5.4%,,❌,,❌,0
台榮,碾穀、磨粉及澱粉製品製造業,"38,842",2050,1.0%,❌,1. 節能技術應用：引進高效節能設備，如LED照明、乾燥送風機增設變頻器、蒸氣壓縮機保養、維修蒸氣卻水器等，降低工廠運營中的能耗。2. 電動化轉型：逐步淘汰燃油機具及運輸車輛，改用電動車輛，降低運輸中的碳排放。3. 綠色採購：優先採購來自低碳排企業的材料和產品，促進整體供應鏈的環保轉型。並逐年加強國地採購占比。,❌,❌,,,0.0%,"3,998",❌,10% (2030),❌,0
台達化,石化業,"38,292",2050,27.0%,❌,氣候因應策略 : 短期（<3 年）汰換老舊設備、提升能源效率、建置太陽能發電設備、落實綠色採購、擬定水、旱災因應措施、降低碳費徵收之影響；中期（3~5 年）減碳策略朝低碳能源轉型、智能化監控、再生能源設置與使用；長期（>5 年）減碳策略持續關注低碳燃料、碳捕捉再利用技術及負碳排技術。,✅,✅,-3.4%,1.00%,0.0%,"8,600",✅,,❌,0
上銀,金屬加工用機械設備製造業,"37,751",2050,42.0%,符合1.5°C目標,加大低碳產品的研發投入，從產品的原料選擇、運輸、製造過程到使用階段展開各項減碳任務。透過「提高能源效率、創新低碳產品、循環經濟減廢、導入再生能源」四大核心策略，全面展開減碳行動。,✅,✅,-4.6%,2.00%,2.1%,"2,935",✅,,❌,0
卜蜂,食品業,"37,424",2050,42.0%,❌,1. 減少廢棄物產生：徹底執行廢棄物回收、再利用。2. 更新及改善防制設備：達成省資源、省能源。3. 致力落實適合21世紀的污染防制方法。4. 徹底執行化學物質的使用及管理。在節能方面，推行熟化廠冷卻機更新、粉碎機生產參數變更、增設空載瓦時計、設備汰換、改善製程效率等。,❌,✅,-4.5%,,0.1%,411,❌,,❌,0
三陽工業,汽機車業,"36,958",2050,8.0%,❌,配合政府溫室減量政策與法令，持續推動溫室氣體排放減量工作並訂定各部門降低二氧化碳排放之減量目標。落實三陽環境宣言『污染預防、節能減碳、資源回收、綠化環境』。推動低碳化生產製程，提升生產效率，降低能源使用及溫室氣體排放，以清潔生產為手段，成為綠色工廠之目標。研發低碳高效能產品，多元發展高效能產品（燃油車、油電車、純電車、新能源車），降低產品使用階段碳排。公司確保提供資訊和必要資源，以實現目標和能源標的，包含營運、設計、採購與修繕各環節皆考慮節能減碳，持續改善能源績效和能源管理系統。公司同仁的參與缺一不可，包含影響能源績效的節能產品和服務的採購、考慮能源績效改善的設計活動，來遵守能源法規與績效目標是全體同仁的責任。落實資源永續利用、氣候變遷減緩與調適、生物多樣性與生態系統的保護，如於廠區設置生態池涵養水生動植物。建置完成 ISO 14001 環境管理系統，ISO 14064 溫室氣體盤查（含子公司）、ISO 14067 產品碳足跡、ISO 50001 能源管理系統，可視化電力及空壓機能源監控系統，控管能源使用及溫室氣體排放。更精進能源使用管理， 2025 年導入智慧化能源管理（EMS）。參加產發署低碳化以大帶小節能專案，偕同 10 家協力廠商參與，推動三項（包含蒸氣鍋爐燃料重油轉液化石油氣、塗裝廢氣 VOCs 採沸石轉輪濃縮 RRTO 焚化及塗裝線低碳化製程改造）重大節能設施改善。,✅,❌,13.2%,1.00%,,"805,000",❌,,❌,0
東隆興,紡織業,"36,235",,20.0%,❌,關鍵減量策略通常會製圖/表說明特定年區間的減碳策略。報告書中提及的減碳策略包含：降低熱能散失，染缸安裝缸體保溫材、低碳燃料使用，鍋爐燃料改為天然氣、降低能源耗用，設備汰舊換新、再生能源推動，安裝太陽能板。,✅,❌,5.8%,,,"2,032",❌,,❌,0
宏全,鋼鐵業,"35,958",2050,,❌,"提升能源效率：製程優化與高耗能設備汰換，2024年節能約1%。規劃低碳能源：建置 1,600 kWp 太陽能發電系統，供應再生能源。",✅,❌,3.6%,1.50%,0.0%,"1,600",❌,10% (2030),❌,0
台耀,石化業,"35,349",2050,,❌,落實減碳策略並追蹤進度：企業採購綠電、再生能源建置、更換節能設備、創新優化製程、低碳供應鏈策略。,✅,✅,2.9%,1.93%,0.7%,815,✅,,❌,0
環泥,水泥業,"34,845",2050,5.0%,❌,透過改善製程、綠電取代傳統能源、綠色運輸及定期檢修並汰換舊高耗電設備、尋求替代燃料取代燃煤。,❌,❌,-4.5%,1.07%,,,❌,,❌,"6,414"
台船,造船業,"34,260",2050,,❌,減碳目標和計畫分為三階段：第一階段 (2011-2025) 減排 10%，策略包含汽柴油機車汰換為電動車、廠區照明汰換為LED燈管、空壓機用電效能提升、建置太陽光電板、搭配儲能設施。第二階段 (2026-2040) 減排 20%，策略包含冷媒汰換為環保冷媒、老舊冰水主機與除濕機汰換、空壓機與高空照明用電效能提升、利用氫能或前瞻能源替代化石燃料。第三階段 (2041-2050) 減排 30%，策略包含導入負碳技術或碳捕捉技術、購買碳權。,❌,❌,-13.3%,,3.0%,"1,140",✅,,❌,0
怡華,紡織業,"33,730",,5.0%,❌,怡華實業的關鍵減量策略主要涵蓋：評估廠區老舊設備並編列汰舊換新預算以提高能源使用效率；推行年度碳盤查制度並依循GHG Protocol設定溫室氣體減量目標；對主要原物料維持兩家以上供應商，積極開發新供應商以避免供應鏈中斷風險；持續建構並實施演練災害緊急應變措施及持續營運計畫(BCP)；強化避險設計，採用耐災材料、優化排水系統與防災結構；強化員工健康監測；優化供應鏈韌性並規劃建置永續供應鏈；加強工地排水設施規劃；實施多項能源效率提升專案(如節約能源、屋頂太陽能發電)；規劃設置遮雨棚等設施。,❌,❌,,,,,❌,,❌,0
環泰,食品業,"32,770",2050,,❌,目前南崁廠規劃使用天然氣替代燃煤鍋爐，在能源使用轉換為低碳燃料及能源效率提升，達到節能減碳。投資預算約1100萬元，預計可減少碳排量約20~30%，目前專案進行中，待完成後檢視實際效益。響應政府推動能源使用多元化之綠能政策，並積極規劃因應淨零碳排各種方面之應對措施。推動各項節能減碳措施，以循環經濟原則協調集團內跨公司、跨廠合作以充份整合各項能源及資源。提出自主減量計畫，採用低碳排低汙染燃料，減碳同時亦可降低汙染。,❌,❌,,1.00%,0.0%,,❌,,❌,"16,073"
達邁,電子業,"32,467",2050,35.0%,❌,從製程改善、設備汰舊換新、能源管理與循環經濟等面向著手，透過製程節能技術導入、設備效率優化、內部碳盤查制度化、改善鍋爐與空調系統、降低天然氣使用、擴大再生能源採購（含 T-REC）、執行碳中和計畫、計算產品碳足跡、評估碳中和進度、範疇三盤查與供應鏈碳管理、逐步全面電力綠電化，以達到淨零碳排。,❌,❌,4.4%,1.00%,1.2%,650,❌,2% (2030),❌,0
台星科,電子業,"31,961",,1.0%,❌,維持「ISO 14064-1 溫室氣體盤查」第三方查證，每年訂定節電具體措施，減少用電量，以降低二氧化碳排放量和對環境所帶來之衝擊，達成永續環保之目標。設定再生能源購買目標，定期追蹤達成率，並持續關注再生能源相關法規發展趨勢。導入 ISO 50001 能源管理系統，建立標準化的管理制度，規劃能源使用效率管理機制。,✅,❌,2.8%,1.00%,2.8%,,❌,15% (2028),❌,0
長興,石化業,"31,335",2050,30.0%,❌,評估新能源技術、燃料重油改⽤低污染的天然氣、更換變頻式馬達與高效節能設備、提升鍋爐燃燒效率、優化製程工藝，以及導入設備節能聯控等專案。制定提⾼再⽣能源佔比的政策，並設立短、中、⻑期減碳KPI，推動多元綠電布局與建置。,✅,✅,-9.4%,,5.7%,"1,383",✅,10% (2030),❌,0
楠梓電,電子業,"30,188",2050,,❌,楠梓電子致力於節能減碳，主要策略包括：持續向各部門宣導節水節電、設置電力監控系統、汰換舊空壓機為高效率空壓機、建立熱泵系統提供熱水給製程加熱使用、2025年簽訂綠電購置契約並採購至2034年、2025年建置112.5瓩太陽能發電。2024年已完成LED燈管更換、RT成形機集塵機改善、電鍍線VCP-2機台節能、三廠空汙系統風機節能更換、三廠小OEM壓機冷卻水泵節能改善等五項重點節能方案。,❌,❌,-16.4%,1.10%,0.0%,,❌,,❌,0
台亞,半導體業,"29,471",,,❌,減碳策略包含：製程低碳化、定期盤查溫室氣體、進行綠色採購；降低每單位產品的排碳值、降低溫室氣體排放總量、提高能源使用量效率、製程最佳化控制。具體措施包括汰舊換新UPS設備、增購高效率冰機、建置太陽光電、優化氨排A024水流量等。空氣污染防制方面，採高效能防制處理設備，並透過低溫吸附、高溫脫附、蓄熱式焚化爐等技術處理廢氣。,✅,❌,-18.5%,1.00%,1.0%,464,✅,,❌,0
欣銓,半導體業,"29,210",2050,20.0%,❌,欣銓的關鍵減量策略包括：建置再生能源（太陽能發電裝置）、購電協議（PPA）或再生能源憑證、擬定節能減排方案、引進廠務設施耗電模型系統應用能源監控、成立節能減碳小組、研發低碳節能服務、逐步汰換柴油貨車轉用油電貨車、以及與客戶溝通採用循環再利用包材以減少全新包材採購。,✅,✅,-5.5%,1.00%,10.4%,"1,534",✅,30% (2030),❌,0
燁興,鋼鐵業,"28,089",2050,20.0%,❌,"針對能源熱值上升的情況，燁興企業將持續推動以下改善措施，積極降低溫室氣體排放對環境的影響：1. 能源效率：持續檢視及優化生產製程，以降低能源消耗與碳排放強度。2. 再生能源：本公司已於屏南廠建置 1,600KWP 之太陽能發電，2024 年累積發電量達 7,795 GJ。未來預計規劃興建第二期 2,000KWP 以上之太陽能發電設施，持續提升自發綠電使用比例，降低對傳統能源的依賴。3. 減碳管理：建立更完善的溫室氣體盤查及管理制度，定期追蹤排放數據，並即時調整相關減碳措施。4. 員工教育與培訓：為強化組織碳管理及減碳執行力，本公司積極安排員工外出參加碳管理、能源管理及低碳轉型等相關課程與培訓，持續提升同仁在永續發展與減碳領域之專業知識。",❌,❌,-5.2%,1.00%,1.0%,"1,600",❌,,❌,0
和大,汽機車業,"27,539",,,❌,和大致力於透過節能減碳措施、汰換老舊高效能設備、導入VAV空調系統取代水冷系統等以降低溫室氣體排放。同時，透過發展電動車輛產業，生產電動車精密齒輪等低碳產品，並廣設太陽能發電系統以提高再生能源使用。此外，也透過分散生產基地和供應商以應對氣候變遷帶來的風險。,✅,❌,-4.0%,1.05%,7.9%,"5,756",✅,,❌,0
廣達,電子業,"27,466",2050,42.0%,承諾設定科學基礎目標,廣達將持續深化內部節能減碳行動，並擴展低碳營運策略。全球各營運據點積極推動節能與低碳專案，涵蓋設備升級與汰換、流程優化、營運模式調整、員工行為改善，以及逐步擴大綠電採購。2024年共執行81項節能減碳方案，較2023年增加27項，具體措施包括冰水主機設備汰換與安裝、馬達、增設智慧電錶、鍋爐加裝節能器等、安裝變頻器。,❌,✅,2.4%,,47.5%,,❌,50% (2030),❌,0
漢翔,航空業,"26,878",2050,18.0%,❌,"漢翔深感責任重大，擘劃了公司 2050 年「碳中和」路徑及階段目標，並於「ESG 推動委員會」特設「碳中和推動小組」，由上而下全面推動節能減排、太陽能光電設置和廢棄物減量等計畫，積極面對淨零排放的挑戰。減量策略為提升能源效率及使用再生能源，自 2022 年起逐年設置太陽能光電板，提升自用綠電比率、並規劃執行節能減碳專案降低溫室氣體排放。短期計畫(2022年~2025年)設置太陽能光電板(總裝置量 3,658kWp)、耗能設備之改善及汰換；中期計畫(2026年~2030年)設置太陽能光電板(總建置量 6,504kWp)、製程優化節省能源。",✅,✅,6.8%,,2.7%,"19,870",✅,,❌,0
建大,石化業,"26,818",2050,25.0%,❌,能源法規及其節能要求遵循情形；推行能源轉型（使用天然氣、熱泵節能、碳捕捉技術、綠電、氫能、降低重油使用率）；推行製程改造（變頻技術導入、設備汰舊更新、氣候碳化技術、數位化節能、回收水使用率提升）；導入ISO 14001、ISO 50001、ISO 14064-1及內部管理審查程序；推動綠色設計活動；購置外部綠色能源；自行開發替代能源（氫能源、太陽能、儲能）；參與經濟部中小企業碳管理轉型補助；生產廠廢棄物污染防治；透過職安衛環推動委員會檢視碳減量績效；以及建大暨供應鏈廠商低碳化升級轉型計畫，包含導入碳盤查、碳足跡、能源管理等碳管理機制，或開發低碳製程、技術、新產品、導入循環包材、低碳服務與綠色供應鏈等。,❌,✅,,1.00%,,,❌,,❌,0
宏洲,石化業,"26,587",2050,30.0%,❌,繼續推動溫室氣體盤查，讓各部門知道節能減碳推動的成果。持續與設備廠商洽談引進節能設備的方式及進行效益評估。持續進行全員參與節能減碳活動的宣導及推動節約能源的措施。積極與綠色能源(太陽能)設備廠合作，取得綠色能源之碳權。遵照環保法規、客戶要求及相關規定。,❌,❌,-13.1%,1.00%,0.0%,,❌,,❌,0
建榮,紡織業,"26,219",,,❌,建榮公司秉持永續經營理念持續改善，為有效善用資源與善盡企業社會責任，目標將溫室氣體年排放量降至 2.5 萬公噸以下， 推行溫室氣體減量及節能減碳策略如下：第一、改用潔淨的能源。第二、增加採光、減少照明設備耗電。第三、採用自然散熱通風免用電力。第四、提升耗能設備/產品的能源效率。第五、促進節能相關的智慧系統整合。第六、教育員工行為的改變以降低需求及減少浪費。短期推動策略著重在能源管理，購置節能設備、更換老舊耗能設備，以汰舊換新的行動計畫提高設備效能，達到節能目標。中長期推動策略為配合氣候變遷因應法，於2025 年提出溫室氣體自主減量計劃，向中央主管機關申請核定優惠費率，以降低碳費徵收成本。,❌,❌,21.0%,,0.0%,,❌,,❌,0
台鹽,食品業,"25,475",,,❌,透過能源管理和製程改善方案落實淨零措施，大幅降低年排放量，推動台鹽綠色生產、產品碳足跡盤查與碳標籤標示、工廠節電管理、公文無紙化、包裝減量、綠色物流。此外，透過投資建設太陽能自有電廠以產生再生能源，以及節能減碳措施包含照明、空調、冰水主機、空壓機、馬達等設備汰舊換新。,❌,❌,-6.6%,1.00%,,455,❌,,❌,0
昇陽半導體,半導體業,"23,176",2050,,❌,導入TCFD鑑別氣候風險與機會、溫室氣體盤查及查證、執行產品碳足跡盤查；持續導入國際標準管理系統、優先增設/汰換高效節能設備並攜手與輔導供應商共同低碳轉型；計畫性展開節能專案、使用再生能源並持續評估其他綠色能源；建置全氟碳化物(PFCs)處理設備、規劃減量製程生產能耗、汰換老舊能耗大之設備。,✅,✅,-4.8%,2.00%,0.0%,,❌,30% (2027),❌,0
三芳,石化業,"22,860",,28.0%,承諾設定科學基礎目標,節能減廢：訂定節能滅廢目標，並在全集團各營運據點推行，減少能源使用並降低廢棄物對環境的危害。潔淨能源：使用生質能、綠電等潔淨能源，達到綠色製造的目的。綠色設計：產品設計考量友善環境，從生命週期考量降低環境衝擊。價值鏈減碳：整合供應商、合作夥伴與品牌，從三芳的減碳措施逐步擴大及影響價值鏈。能源轉型：透過能源轉型來達成長期淨零目標。另外，也包括製程如何減少能源耗用及提升回收率，以及積極開發低耗能產品及潔淨之燃料。,✅,✅,1.7%,,11.9%,"3,940",✅,100% (2027),❌,0
南帝,石化業,"21,690",2050,10.0%,❌,短期策略：持續購置綠電憑證，並配合生產管控，將耗能設備維持於高效能之運作。持續檢討節能減碳之設備汰換。中期策略：規劃自行擴充太陽能發電、儲能設備設置或擴大購置綠電憑證，以持續降低溫室氣體排放量。長期策略：廠內用電全數改以綠電設置，廠內使用燃料改以更清淨能源 (如氫能)。,✅,❌,9.3%,1.00%,1.9%,,✅,100% (2040),❌,0
嘉聯益,電子業,"21,346",2050,10.0%,❌,基本盤查面 - 每月收集溫室氣體盤查的資料，及時掌握數據，並每年進行 ISO14064-1 溫室氣體盤查取得第三方認證。能源效率提升 - 確認建築物隔熱效果、高耗能設備效能確認 ( 例如：空壓機、冰水主機、鼓風機、排風機 )、導入 IE3 低能耗馬達。生產能耗降低 - 除高耗能溼式製程用電確認外，再設置低用電 (10KW 以上 ) 安裝電表監控，及時檢討設備能耗與汰舊換新。購入綠電憑證。,✅,❌,-16.1%,1.00%,0.0%,,✅,,❌,0
春雨,鋼鐵業,"21,094",,4.0%,❌,春雨持續透過鑑別氣候相關風險與機會，執行氣候行動方案，並使用再生能源落實能源與溫室氣體管理，以達成減碳目標。汰換老舊設備以將產能去瓶頸化，並積極推動節能減碳，開發低碳產品。規劃建置第二期太陽能板，並評估導入氫能源以氫氣混燒方式進入熱處理系統，降低化石燃料之使用。積極配合政府推動節電、節水措施。汰換廠區老舊設備，更換為高效設備，減少廠區日常營運之基礎用電量。目前仍持續規劃能源管理系統並導入ISO50001能源管理系統認證。同時，強化供應商管理，提升採購永續性，減少因國際運輸造成的溫室氣體排放。,✅,✅,-5.5%,,0.0%,"1,600",❌,20% (2030),❌,0
年興,紡織業,"20,256",2050,,❌,減少煤炭使用作為能源轉型的第一步，積極尋找合適的低碳燃料，以逐步提升各廠區低碳燃料的使用比例。規劃於2030年前完成主要製程之低碳燃料轉換及賴索托廠區現場燃煤設備轉型，全面淘汰煤炭使用。持續執行節能政策以降低溫室氣體排放量。,❌,❌,4.7%,,,,❌,,❌,"2,293"
巨大,自行車業,"19,911",2050,25.0%,❌,巨大集團的關鍵減量策略主要聚焦於「創新低碳生活、轉型價值循環」以及「促進多元共融」三大面向。具體策略包括：1. 循環供應與再生：透過創新設計改變產品生命週期，優先採購可回收、生物降解材料。2. 綠色生產：優化生產流程，導入節能設備與智慧能源管理系統，降低製造過程中的碳排放。3. 責任採購：攜手供應鏈打造自行車永續聯盟 (BAS)，建立低碳標準與監管機制，降低碳足跡。4. 推動共享經濟與低碳運輸：推動YouBike公共自行車服務、二手車市場、低碳通勤租賃與企業合作方案。,✅,✅,-9.4%,,15.6%,,❌,15% (2025),❌,0
元太,光電業,"19,566",2040,80.0%,❌,1. 建立環境相關國際管理系統: 推動溫室氣體盤查、碳足跡盤查及環境相關管理系統等。 2. 能效提升: 設備汰舊換新、設備效率改善、辦公室節能方案。 3. 使用低碳能源: 提高再生能源使用占比。 4. 價值鏈減碳: 要求供應鏈節能或導入再生能源。 5. 負碳技術: 關注自然碳匯、碳捕捉及封存與碳權取得。,✅,✅,-6.8%,,48.8%,100,✅,100% (2030),✅,0
台半,半導體業,"14,804",2050,,❌,短期（2024-2026）奠定組織基礎：盤查組織碳排放整合（ISO 14064）、盤查產品碳足跡（ISO 14067）、鑑別氣候峰選機會（TCFD）。中期（2027-2028）落實減碳計畫：訂定科學減量路徑（SBTi）、擴大使用再生能源電力。長期（2029-2030）推動永續成長：供應鏈議和、參與碳市場。,✅,❌,-0.1%,1.00%,22.8%,,✅,,❌,0
大統新創,紡織業,"13,794",2050,70.0%,❌,"減量策略包括原料替代、廢棄物回收、熱能及電能的優化。具體行動包含天然氣鍋爐替換（每年減碳9,970噸CO2/年，熱媒油鍋爐汰換每年減碳6,000噸CO2/年）以及持續更新環保設備（增設空污防制設備、變頻器節省用電）。",❌,✅,18.8%,1.00%,,"1,998",❌,,❌,3
可成,鋁製造業,"11,240",2050,46.2%,符合1.5°C目標,可成於2024年9月向SBTi提交承諾書，並於2025年2月獲得認證，以2022年為基準年，承諾於2030年合計減少範疇一及範疇二絕對溫室氣體排放量46.2%、並減少範疇三溫室氣體排放量27.5%；長期目標為2050年減少範疇一、範疇二、範疇三絕對溫室氣體排放量分別達90%。關鍵減量策略包括：積極設置再生能源發電設備、採購綠電，實施各項節能措施。,✅,✅,-115.5%,1.00%,4.9%,"1,122",❌,60% (2030),❌,0
辛耘,半導體業,"10,391",2050,50.0%,❌,辛耘公司藉由每年檢視整體減碳成效，並擬定排放減量策略，同時持續打造符合綠建築認證的綠色廠房；若減量成效不如預期，辛耘公司亦積極採購再生能源，並尋求相關單位共同溝通與合作。,❌,❌,21.4%,1.00%,0.0%,,❌,10% (2030),❌,0