於該縣市合計排放量(公噸CO2e),全台,台中市,台東縣,台南市,宜蘭市,宜蘭縣,花蓮縣,南投縣,屏東縣,苗栗縣,桃園市,高雄市,基隆市,雲林縣,新北市,新竹市,新竹縣,嘉義縣,彰化縣
中國石油化學工業開發股份有限公司,"843,461",0,0,0,0,0,0,0,0,"32,899",0,"783,572",0,"26,990",0,0,0,0,0
亞洲水泥股份有限公司,"2,782,856",0,0,0,0,0,"2,782,856",0,0,0,0,0,0,0,0,0,0,0,0
萬洲化學股份有限公司,"39,754",0,0,0,0,0,0,0,0,0,"39,754",0,0,0,0,0,0,0,0
信大水泥股份有限公司,"592,622",0,0,0,0,"592,622",0,0,0,0,0,0,0,0,0,0,0,0,0
遠東新世紀股份有限公司,"569,532",0,0,0,0,0,0,0,0,0,"167,044",0,0,0,0,0,"402,488",0,0
台榮產業股份有限公司,"38,842",0,0,0,0,0,0,0,0,0,0,0,0,"38,842",0,0,0,0,0
台橡股份有限公司,"144,345",0,0,0,0,0,0,0,0,0,0,"144,345",0,0,0,0,0,0,0
台灣中油股份有限公司,"6,542,927","66,221",0,0,0,0,0,0,0,0,"1,590,315","4,886,391",0,0,0,0,0,0,0
台灣糖業股份有限公司,"62,529",0,0,0,0,0,0,0,0,0,0,"62,529",0,0,0,0,0,0,0
台灣肥料股份有限公司,"413,921","413,921",0,0,0,0,0,0,0,0,0,0,0,0,0,0,0,0,0
國喬石油化學股份有限公司,"437,353",0,0,0,0,0,0,0,0,0,0,"437,353",0,0,0,0,0,0,0
台燿科技股份有限公司,"45,464",0,0,0,0,0,0,0,0,0,0,0,0,0,0,0,"45,464",0,0
和益化學工業股份有限公司,"67,653",0,0,0,0,0,0,0,0,0,0,"67,653",0,0,0,0,0,0,0
合眾紙業股份有限公司,"56,008",0,0,0,0,0,0,0,0,0,0,0,0,"56,008",0,0,0,0,0
台灣康寧顯示玻璃股份有限公司,"418,258","346,827",0,"71,431",0,0,0,0,0,0,0,0,0,0,0,0,0,0,0
華通電腦股份有限公司,"145,463",0,0,0,0,0,0,0,0,0,"145,463",0,0,0,0,0,0,0,0
台灣國際造船股份有限公司,"34,260",0,0,0,0,0,0,0,0,0,0,"34,260",0,0,0,0,0,0,0
聯成化學科技股份有限公司,"51,544",0,0,0,0,0,0,0,0,0,0,"51,544",0,0,0,0,0,0,0
金車股份有限公司,"31,717",0,0,0,0,0,0,0,0,0,"31,717",0,0,0,0,0,0,0,0
超豐電子股份有限公司,"101,003",0,0,0,0,0,0,0,0,"101,003",0,0,0,0,0,0,0,0,0
聯華氣體工業股份有限公司,"55,956",0,0,0,0,0,0,0,0,0,0,"55,956",0,0,0,0,0,0,0
燿華電子股份有限公司,"87,483",0,0,0,0,"45,124",0,0,0,0,0,0,0,0,"42,359",0,0,0,0
大同染整股份有限公司,"34,252",0,0,0,0,0,0,0,0,0,"34,252",0,0,0,0,0,0,0,0
中國人造纖維股份有限公司,"410,657",0,0,0,0,0,0,0,0,0,0,"410,657",0,0,0,0,0,0,0
東明纖維工業股份有限公司,"18,350",0,0,0,0,0,0,0,0,0,"18,350",0,0,0,0,0,0,0,0
東培工業股份有限公司,"24,322",0,0,0,0,0,0,0,0,0,"24,322",0,0,0,0,0,0,0,0
宏洲纖維工業股份有限公司,"26,587",0,0,0,0,0,0,0,0,0,"26,587",0,0,0,0,0,0,0,0
新光合成纖維股份有限公司,"287,173",0,0,0,0,0,0,0,0,0,"287,173",0,0,0,0,0,0,0,0
新隆纖維染整股份有限公司,"42,063",0,0,0,0,0,0,0,0,0,"42,063",0,0,0,0,0,0,0,0
環球水泥股份有限公司,"34,845",0,0,0,0,0,0,0,0,0,"34,845",0,0,0,0,0,0,0,0
新瑞倡企業股份有限公司,"6,684",0,0,0,0,0,0,0,0,0,"6,684",0,0,0,0,0,0,0,0
力麗企業股份有限公司,"156,729",0,0,0,0,0,0,0,0,0,0,0,0,0,0,0,0,0,"156,729"
中鴻鋼鐵股份有限公司,"260,634",0,0,0,0,0,0,0,0,0,0,"260,634",0,0,0,0,0,0,0
三福氣體股份有限公司,"554,928","68,489",0,"286,099",0,0,0,0,0,0,"200,340",0,0,0,0,0,0,0,0
東南實業股份有限公司,"54,160",0,0,0,0,"54,160",0,0,0,0,0,0,0,0,0,0,0,0,0
長春人造樹脂廠股份有限公司,"1,152,774",0,0,0,0,0,0,0,0,0,0,"851,396",0,0,0,0,"230,869",0,"70,510"
長春石油化學股份有限公司,"2,475,902",0,0,0,0,0,0,0,0,"1,377,248",0,"559,256",0,"488,898",0,0,0,0,"50,500"
南港輪胎股份有限公司,"38,973",0,0,0,0,0,0,0,0,0,0,0,0,0,0,0,"38,973",0,0
華夏海灣塑膠股份有限公司,"104,627",0,0,0,0,0,0,0,0,"104,627",0,0,0,0,0,0,0,0,0
義美食品股份有限公司,"53,861",0,0,0,0,0,0,0,0,0,"53,861",0,0,0,0,0,0,0,0
台灣史谷脫紙業股份有限公司,"29,187",0,0,"29,187",0,0,0,0,0,0,0,0,0,0,0,0,0,0,0
台豐印刷電路工業股份有限公司,"30,601",0,0,0,0,0,0,0,0,0,0,0,0,0,0,0,"30,601",0,0
台達化學工業股份有限公司,"38,292",0,0,0,0,0,0,0,0,0,0,"38,292",0,0,0,0,0,0,0
台灣紙業股份有限公司,"27,017",0,0,"27,017",0,0,0,0,0,0,0,0,0,0,0,0,0,0,0
台灣水泥股份有限公司,"3,643,800",0,0,0,0,"1,183,341","2,460,459",0,0,0,0,0,0,0,0,0,0,0,0
台灣玻璃工業股份有限公司,"598,880","123,553",0,0,0,0,0,0,0,0,"82,386",0,0,0,0,"163,000",0,0,"229,941"
台灣聚合化學品股份有限公司,"142,391",0,0,0,0,0,0,0,0,0,0,"142,391",0,0,0,0,0,0,0
中環股份有限公司,"54,694",0,0,0,0,0,0,0,0,0,"54,694",0,0,0,0,0,0,0,0
南帝化學工業股份有限公司,"21,690",0,0,0,0,0,0,0,0,0,0,"21,690",0,0,0,0,0,0,0
大連化學工業股份有限公司,"1,384,651",0,0,0,0,0,0,0,0,0,0,"680,297",0,"704,354",0,0,0,0,0
國瑞汽車股份有限公司,"38,699",0,0,0,0,0,0,0,0,0,"38,699",0,0,0,0,0,0,0,0
環泰企業股份有限公司,"32,770",0,0,0,0,0,0,0,0,0,"32,770",0,0,0,0,0,0,0,0
曜智實業股份有限公司,"30,521",0,0,0,0,0,0,0,0,0,0,0,0,0,0,0,0,"30,521",0
台合科技股份有限公司,"32,001",0,0,0,0,0,0,0,0,0,0,"32,001",0,0,0,0,0,0,0
群創光電股份有限公司,"2,412,736",0,0,"1,501,342",0,0,0,0,0,"423,832",0,"487,562",0,0,0,0,0,0,0
敦南科技股份有限公司,"18,620",0,0,0,0,0,0,0,0,0,0,0,0,0,0,"18,620",0,0,0
香榮實業股份有限公司,"19,430",0,0,0,0,0,0,0,0,0,"19,430",0,0,0,0,0,0,0,0
鉅輝鋼鐵股份有限公司,"24,461",0,0,0,0,0,0,0,0,0,"24,461",0,0,0,0,0,0,0,0
福懋興業股份有限公司,"161,770",0,0,0,0,0,0,0,0,0,0,0,0,"161,770",0,0,0,0,0
中美和石油化學股份有限公司,"185,234","185,234",0,0,0,0,0,0,0,0,0,0,0,0,0,0,0,0,0
東聯化學股份有限公司,"343,759",0,0,0,0,0,0,0,0,0,0,"343,759",0,0,0,0,0,0,0
義芳化學工業股份有限公司,"404,894",0,0,0,0,0,0,0,0,0,"404,894",0,0,0,0,0,0,0,0
力成科技股份有限公司,"306,448",0,0,0,0,0,0,0,0,0,0,0,0,0,0,"40,534","265,914",0,0
中華凸版電子股份有限公司,"19,021",0,0,0,0,0,0,0,0,0,"19,021",0,0,0,0,0,0,0,0
南亞電路板股份有限公司,"442,870",0,0,0,0,0,0,0,0,0,"380,434",0,0,0,"62,436",0,0,0,0
頎邦科技股份有限公司,"135,476",0,0,0,0,0,0,0,0,0,0,"46,894",0,0,0,"43,717","44,865",0,0
南茂科技股份有限公司,"224,960",0,0,"110,760",0,0,0,0,0,0,0,0,0,0,0,0,"114,200",0,0
宏捷科技股份有限公司,"46,239",0,0,"46,239",0,0,0,0,0,0,0,0,0,0,0,0,0,0,0
合晶科技股份有限公司,"63,726",0,0,0,0,0,0,0,0,0,"63,726",0,0,0,0,0,0,0,0
凌巨科技股份有限公司,"224,923",0,0,0,0,0,0,0,0,0,"224,923",0,0,0,0,0,0,0,0
能元科技股份有限公司,"28,686",0,0,"28,686",0,0,0,0,0,0,0,0,0,0,0,0,0,0,0
台塑旭彈性纖維股份有限公司,"43,545",0,0,0,0,0,0,0,0,0,0,0,0,"43,545",0,0,0,0,0
金居開發股份有限公司,"104,357",0,0,0,0,0,0,0,0,0,0,0,0,"104,357",0,0,0,0,0
瀚宇彩晶股份有限公司,"265,840",0,0,"265,840",0,0,0,0,0,0,0,0,0,0,0,0,0,0,0
艾克爾國際科技股份有限公司,"78,213",0,0,0,0,0,0,0,0,0,"43,667",0,0,0,0,0,"34,546",0,0
豐年豐和企業股份有限公司,"28,842",0,0,"28,842",0,0,0,0,0,0,0,0,0,0,0,0,0,0,0
旭德科技股份有限公司,"30,641",0,0,0,0,0,0,0,0,0,0,0,0,0,0,0,"30,641",0,0
精材科技股份有限公司,"118,493",0,0,0,0,0,0,0,0,0,"118,493",0,0,0,0,0,0,0,0
富喬工業股份有限公司,"151,359",0,0,0,0,0,0,0,0,0,0,0,0,"151,359",0,0,0,0,0
艾克爾先進科技股份有限公司,"11,571",0,0,0,0,0,0,0,0,0,0,0,0,0,0,0,"11,571",0,0
東隆興業股份有限公司,"36,235",0,0,0,0,0,0,0,0,0,"13,326",0,0,0,0,0,0,0,"22,910"
華新科技股份有限公司,"55,942",0,0,0,0,0,0,0,0,0,0,"55,942",0,0,0,0,0,0,0
台灣氯乙烯工業股份有限公司,"176,354",0,0,0,0,0,0,0,0,0,0,"176,354",0,0,0,0,0,0,0
亞洲聚合股份有限公司,"107,965",0,0,0,0,0,0,0,0,0,0,"107,965",0,0,0,0,0,0,0
台灣苯乙烯工業股份有限公司,"200,747",0,0,0,0,0,0,0,0,0,0,"200,747",0,0,0,0,0,0,0
大統益股份有限公司,"100,777",0,0,"100,777",0,0,0,0,0,0,0,0,0,0,0,0,0,0,0
立安東化工股份有限公司,"60,074",0,0,0,0,0,0,0,0,"60,074",0,0,0,0,0,0,0,0,0
台灣茂矽電子股份有限公司,"125,937",0,0,0,0,0,0,0,0,0,0,0,0,0,0,"125,937",0,0,0
台灣積體電路製造股份有限公司,"11,418,278","2,790,366",0,"5,854,438",0,0,0,0,0,"117,667","216,680",0,0,0,0,"548,990","1,890,137",0,0
元隆電子股份有限公司,"69,000",0,0,0,0,0,0,0,0,0,0,0,0,0,0,"69,000",0,0,0
華邦電子股份有限公司,"397,007","283,388",0,0,0,0,0,0,0,0,0,"113,619",0,0,0,0,0,0,0
台灣高技股份有限公司,"5,785",0,0,0,0,0,0,0,0,0,0,0,0,0,0,0,"5,785",0,0
聯亞科技股份有限公司,"553,706","107,698",0,"167,341",0,0,0,0,0,0,0,0,0,0,0,"233,810","44,857",0,0
旺宏電子股份有限公司,"355,303",0,0,0,0,0,0,0,0,0,0,0,0,0,0,"355,303",0,0,0
元太科技工業股份有限公司,"19,566",0,0,0,0,0,0,0,0,0,0,0,0,0,0,"19,566",0,0,0
台灣福雷電子股份有限公司,"118,894",0,0,0,0,0,0,0,0,0,0,"118,894",0,0,0,0,0,0,0
華東科技股份有限公司,"56,593",0,0,0,0,0,0,0,0,0,0,"56,593",0,0,0,0,0,0,0
年興紡織股份有限公司,"20,256",0,0,0,0,0,0,0,0,"20,256",0,0,0,0,0,0,0,0,0
大統新創股份有限公司,"13,794",0,0,0,0,0,0,0,0,0,"13,794",0,0,0,0,0,0,0,0
台灣志氯化學股份有限公司,"136,443",0,0,0,0,0,0,0,0,0,0,"136,443",0,0,0,0,0,0,0
亞東石化股份有限公司,"338,343",0,0,0,0,0,0,0,0,0,"338,343",0,0,0,0,0,0,0,0
永豐餘消費品實業股份有限公司,"109,561","63,577",0,0,0,0,0,0,0,0,"45,983",0,0,0,0,0,0,0,0
碁富食品股份有限公司,"23,489",0,0,0,0,0,0,0,0,0,0,0,0,0,0,0,0,0,"23,489"
獻麒紡織工業股份有限公司,"17,962",0,0,0,0,0,0,0,0,0,0,0,0,0,0,0,0,0,"17,962"
大立光電股份有限公司,"164,275","164,275",0,0,0,0,0,0,0,0,0,0,0,0,0,0,0,0,0
京元電子股份有限公司,"280,120",0,0,0,0,0,0,0,0,"280,120",0,0,0,0,0,0,0,0,0
亞東工業氣體股份有限公司,"356,607","209,759",0,"30,898",0,0,0,0,0,0,"27,184","56,377",0,0,0,"32,390",0,0,0
先豐通訊股份有限公司,"57,829",0,0,0,0,0,0,0,0,0,"57,829",0,0,0,0,0,0,0,0
國巨股份有限公司,"75,048",0,0,0,0,0,0,0,0,0,0,"75,048",0,0,0,0,0,0,0
台灣必成股份有限公司,"154,669",0,0,0,0,0,0,0,0,0,0,0,0,0,0,0,0,"154,669",0
科德寶遠東股份有限公司,"34,067",0,0,0,0,0,0,0,0,0,"34,067",0,0,0,0,0,0,0,0
福隆玻璃纖維股份有限公司,"49,850",0,0,0,0,0,0,0,0,0,0,0,0,0,0,0,0,"49,850",0
宏遠興業股份有限公司,"95,849",0,0,"95,849",0,0,0,0,0,0,0,0,0,0,0,0,0,0,0
廣達電腦股份有限公司,"27,466",0,0,0,0,0,0,0,0,0,"27,466",0,0,0,0,0,0,0,0
聯成鋼鐵股份有限公司,"97,280",0,0,0,0,0,0,0,0,0,"97,280",0,0,0,0,0,0,0,0
台灣寶理塑膠股份有限公司,"76,560",0,0,0,0,0,0,0,0,0,0,"76,560",0,0,0,0,0,0,0
遠東氣體工業股份有限公司,"33,414",0,0,0,0,0,0,0,0,0,0,"33,414",0,0,0,0,0,0,0
矽格股份有限公司,"40,327",0,0,0,0,0,0,0,0,0,0,0,0,0,0,0,"40,327",0,0
燁聯鋼鐵股份有限公司,"485,004",0,0,0,0,0,0,0,0,0,0,"485,004",0,0,0,0,0,0,0
中鋼碳素化學股份有限公司,"83,694",0,0,0,0,0,0,0,0,0,0,"83,694",0,0,0,0,0,0,0
銓盟企業股份有限公司,"25,521",0,0,0,0,0,0,0,0,0,"25,521",0,0,0,0,0,0,0,0
泓達化工股份有限公司,"26,362",0,0,0,0,0,0,0,0,0,0,"26,362",0,0,0,0,0,0,0
上銀科技股份有限公司,"37,751",0,0,0,0,0,0,0,0,0,0,0,0,"37,751",0,0,0,0,0
合興石化工業股份有限公司,"50,724",0,0,0,0,0,0,0,0,0,0,"50,724",0,0,0,0,0,0,0
欣興電子股份有限公司,"537,380",0,0,0,0,0,0,0,0,0,"385,703",0,0,0,0,0,"151,678",0,0
福懋科技股份有限公司,"112,003",0,0,0,0,0,0,0,0,0,0,0,0,"112,003",0,0,0,0,0
三義化學工業股份有限公司,"80,684",0,0,0,0,0,0,0,0,0,"80,684",0,0,0,0,0,0,0,0
日皓造紙工業股份有限公司,"42,096",0,0,0,0,0,0,0,0,0,"42,096",0,0,0,0,0,0,0,0
三陽工業股份有限公司,"36,958",0,0,0,0,0,0,0,0,0,0,0,0,0,0,0,"36,958",0,0
友達晶材股份有限公司,"37,147","37,147",0,0,0,0,0,0,0,0,0,0,0,0,0,0,0,0,0
晶碩光學股份有限公司,"39,960",0,0,0,0,0,0,0,0,0,"39,960",0,0,0,0,0,0,0,0
台群工業股份有限公司,"24,342",0,0,0,0,0,0,0,0,0,"24,342",0,0,0,0,0,0,0,0
紡安股份有限公司,"33,381",0,0,0,0,0,0,0,0,"33,381",0,0,0,0,0,0,0,0,0
尚承鋼鐵股份有限公司,"170,589",0,0,0,0,0,0,0,0,0,0,"170,589",0,0,0,0,0,0,0
新科光電材料股份有限公司,"60,631",0,0,0,0,0,0,0,0,0,"60,631",0,0,0,0,0,0,0,0
永豐餘工業用紙股份有限公司,"614,964",0,0,0,0,0,0,0,0,0,"614,964",0,0,0,0,0,0,0,0
聯合再生能源股份有限公司,"40,135",0,0,"25,128",0,0,0,0,0,"15,007",0,0,0,0,0,0,0,0,0
誠美材料科技股份有限公司,"46,383",0,0,"46,383",0,0,0,0,0,0,0,0,0,0,0,0,0,0,0
欣建工業股份有限公司,"28,783",0,0,0,0,0,0,0,0,0,0,"28,783",0,0,0,0,0,0,0
易昇鋼鐵股份有限公司,"181,447",0,0,"181,447",0,0,0,0,0,0,0,0,0,0,0,0,0,0,0
新唐科技股份有限公司,"53,757",0,0,0,0,0,0,0,0,0,0,0,0,0,0,"53,757",0,0,0
力晶積成電子製造股份有限公司,"582,944",0,0,0,0,0,0,0,0,"40,945",0,0,0,0,0,"541,999",0,0,0
環球晶圓股份有限公司,"145,193",0,0,0,0,0,0,0,0,"21,154",0,0,0,0,0,0,"124,039",0,0
晶成半導體股份有限公司,"7,235",0,0,0,0,0,0,0,0,0,0,0,0,0,0,"7,235",0,0,0
達輝光電股份有限公司,"37,058",0,0,0,0,0,0,0,0,"37,058",0,0,0,0,0,0,0,0,0
晶兆成科技股份有限公司,"72,087",0,0,0,0,0,0,0,0,0,0,0,0,0,0,0,"72,087",0,0
藍海氣體工業股份有限公司,"43,582","43,582",0,0,0,0,0,0,0,0,0,0,0,0,0,0,0,0,0
台灣美光記憶體股份有限公司,"1,156,889","1,156,889",0,0,0,0,0,0,0,0,0,0,0,0,0,0,0,0,0
餘慶堂興業股份有限公司,"41,400","41,400",0,0,0,0,0,0,0,0,0,0,0,0,0,0,0,0,0
元晶太陽能科技股份有限公司,"43,389",0,0,0,0,0,0,0,0,0,0,0,0,0,0,0,"43,389",0,0
環球橡膠股份有限公司,"77,864",0,0,0,0,0,0,0,0,0,0,"77,864",0,0,0,0,0,0,0
中國鋼鐵股份有限公司,"18,066,406",0,0,0,0,0,0,0,0,0,0,"18,066,406",0,0,0,0,0,0,0
辛耘企業股份有限公司,"10,391",0,0,0,0,0,0,0,0,0,0,0,0,0,0,0,"10,391",0,0
金像電子股份有限公司,"83,259",0,0,0,0,0,0,0,0,0,"83,259",0,0,0,0,0,0,0,0
台灣石化合成股份有限公司,"84,844",0,0,0,0,0,0,0,0,0,0,"84,844",0,0,0,0,0,0,0
正隆股份有限公司,"1,338,222","839,855",0,0,0,0,0,0,0,0,"343,763",0,0,0,0,"25,721","128,884",0,0
怡華實業股份有限公司,"33,730",0,0,"33,730",0,0,0,0,0,0,0,0,0,0,0,0,0,0,0
德州儀器工業股份有限公司,"47,921",0,0,0,0,0,0,0,0,0,0,0,0,0,"47,921",0,0,0,0
力鵬企業股份有限公司,"208,485",0,0,0,0,0,0,0,0,0,"78,211",0,0,0,0,0,0,0,"130,274"
錦美紙業股份有限公司,"33,756",0,0,0,0,0,0,0,0,0,"33,756",0,0,0,0,0,0,0,0
榮成紙業股份有限公司,"747,331",0,0,0,0,0,0,0,0,0,0,0,0,0,0,0,0,0,"747,331"
金元福包裝企業股份有限公司,"24,895",0,0,0,"24,895",0,0,0,0,0,0,0,0,0,0,0,0,0,0
白馬窯業股份有限公司,"29,800",0,0,0,0,0,0,0,0,0,"29,800",0,0,0,0,0,0,0,0
三洋窯業股份有限公司,"36,225",0,0,0,0,0,0,0,0,0,0,0,0,0,"36,225",0,0,0,0
台灣半導體股份有限公司,"14,804",0,0,0,0,"14,804",0,0,0,0,0,0,0,0,0,0,0,0,0
中興紡織廠股份有限公司,"65,538",0,0,0,0,0,0,0,0,0,"65,538",0,0,0,0,0,0,0,0
和友紡織股份有限公司,"22,714",0,0,0,0,0,0,0,0,0,"22,714",0,0,0,0,0,0,0,0
華新麗華股份有限公司,"293,730","80,657",0,"213,073",0,0,0,0,0,0,0,0,0,0,0,0,0,0,0
台灣湯淺電池股份有限公司,"23,711",0,0,0,0,"23,711",0,0,0,0,0,0,0,0,0,0,0,0,0
台灣卜蜂企業股份有限公司,"37,424",0,0,0,0,0,0,"37,424",0,0,0,0,0,0,0,0,0,0,0
國聯矽業化學股份有限公司,"32,133",0,0,0,0,0,0,0,0,0,"32,133",0,0,0,0,0,0,0,0
台硝股份有限公司,"63,984",0,0,0,0,0,0,0,0,0,"63,984",0,0,0,0,0,0,0,0
台灣通用器材股份有限公司,"47,916",0,0,0,0,0,0,0,0,0,0,0,0,0,"47,916",0,0,0,0
李長榮化學工業股份有限公司,"215,745",0,0,0,0,0,0,0,0,0,0,"215,745",0,0,0,0,0,0,0
幸福水泥股份有限公司,"606,630",0,0,0,0,"606,630",0,0,0,0,0,0,0,0,0,0,0,0,0
羅東鋼鐵廠股份有限公司,"143,940",0,0,0,0,"143,940",0,0,0,0,0,0,0,0,0,0,0,0,0
林園先進材料科技股份有限公司,"230,848",0,0,0,0,0,0,0,0,0,0,"230,848",0,0,0,0,0,0,0
台灣普利司通股份有限公司,"27,766",0,0,0,0,0,0,0,0,0,0,0,0,0,0,0,"27,766",0,0
集盛實業股份有限公司,"110,626",0,0,0,0,0,0,0,0,0,"110,626",0,0,0,0,0,0,0,0
敬鵬工業股份有限公司,"58,414",0,0,0,0,0,0,0,0,0,"58,414",0,0,0,0,0,0,0,0
六和機械股份有限公司,"40,338",0,0,0,0,0,0,0,0,0,"40,338",0,0,0,0,0,0,0,0
台灣華可貴股份有限公司,"23,882",0,0,0,0,0,0,0,0,0,"23,882",0,0,0,0,0,0,0,0
名佳利金屬工業股份有限公司,"40,220",0,0,0,0,0,0,0,0,0,"40,220",0,0,0,0,0,0,0,0
大享容器工業股份有限公司,"48,125",0,0,0,0,0,0,0,0,0,0,0,0,0,0,0,"48,125",0,0
華夏玻璃股份有限公司,"102,152",0,0,0,0,0,0,0,0,0,0,0,0,0,0,"102,152",0,0,0
聯華電子股份有限公司,"1,430,027",0,0,"794,301",0,0,0,0,0,0,0,0,0,0,0,"554,638","81,088",0,0
台亞半導體股份有限公司,"29,471",0,0,0,0,0,0,0,0,0,0,0,0,0,0,"29,471",0,0,0
冠軍建材股份有限公司,"88,417",0,0,0,0,0,0,0,0,"88,417",0,0,0,0,0,0,0,0,0
廣源造紙股份有限公司,"103,832","103,832",0,0,0,0,0,0,0,0,0,0,0,0,0,0,0,0,0
盧森堡商達爾國際股份有限公司,"40,586",0,0,0,0,0,0,0,0,0,0,0,"10,359",0,0,"30,227",0,0,0
和大工業股份有限公司,"27,539",0,0,0,0,0,0,0,0,0,0,0,0,0,0,0,0,"27,539",0
聯穎光電股份有限公司,"46,705",0,0,0,0,0,0,0,0,0,0,0,0,0,0,0,"46,705",0,0
古河銅箔股份有限公司,"20,753",0,0,0,0,0,0,0,0,0,0,0,0,"20,753",0,0,0,0,0
台塑科騰化學有限公司,"61,998",0,0,0,0,0,0,0,0,0,0,0,0,"61,998",0,0,0,0,0
漢磊科技股份有限公司,"62,555",0,0,0,0,0,0,0,0,0,0,0,0,0,0,"11,433","51,122",0,0
美商蘋果電子股份有限公司,"28,280",0,0,0,0,0,0,0,0,0,"28,280",0,0,0,0,0,0,0,0
東齊染整股份有限公司,"30,654",0,0,0,0,0,0,0,0,0,"30,654",0,0,0,0,0,0,0,0
豐興鋼鐵股份有限公司,"696,740","696,740",0,0,0,0,0,0,0,0,0,0,0,0,0,0,0,0,0
建順煉鋼股份有限公司,"129,585",0,0,0,0,0,0,0,0,"129,585",0,0,0,0,0,0,0,0,0
矽品精密工業股份有限公司,"559,059","404,054",0,0,0,0,0,0,0,0,0,0,0,0,0,0,"44,502",0,"110,503"
巨大機械工業股份有限公司,"19,911","19,911",0,0,0,0,0,0,0,0,0,0,0,0,0,0,0,0,0
味丹企業股份有限公司,"47,645","47,645",0,0,0,0,0,0,0,0,0,0,0,0,0,0,0,0,0
大鐘印染股份有限公司,"19,943",0,0,0,0,0,0,0,0,0,"19,943",0,0,0,0,0,0,0,0
宏全國際股份有限公司,"35,958","35,958",0,0,0,0,0,0,0,0,0,0,0,0,0,0,0,0,0
台灣化學纖維股份有限公司,"8,022,913",0,0,0,0,"1,408,052",0,0,0,0,0,0,0,"4,507,874",0,0,0,"2,086,574","20,412"
正新橡膠工業股份有限公司,"79,551",0,0,0,0,0,0,0,0,0,0,0,0,0,0,0,0,0,"79,551"
建大工業股份有限公司,"26,818",0,0,0,0,0,0,0,0,0,0,0,0,"26,818",0,0,0,0,0
台灣銅箔股份有限公司,"95,837",0,0,0,0,0,0,"95,837",0,0,0,0,0,0,0,0,0,0,0
奇美實業股份有限公司,"542,811",0,0,"542,811",0,0,0,0,0,0,0,0,0,0,0,0,0,0,0
台南紡織股份有限公司,"123,999",0,0,"123,999",0,0,0,0,0,0,0,0,0,0,0,0,0,0,0
威致鋼鐵工業股份有限公司,"248,917",0,0,"248,917",0,0,0,0,0,0,0,0,0,0,0,0,0,0,0
可成科技股份有限公司,"11,240",0,0,"11,240",0,0,0,0,0,0,0,0,0,0,0,0,0,0,0
台星科股份有限公司,"31,961",0,0,0,0,0,0,0,0,0,0,0,0,0,0,0,"31,961",0,0
艾杰旭顯示玻璃股份有限公司,"389,006",0,0,"28,209",0,0,0,0,0,0,0,0,0,"360,797",0,0,0,0,0
紘楷股份有限公司,"23,316",0,0,0,0,0,0,0,0,0,"23,316",0,0,0,0,0,0,0,0
精金科技股份有限公司,"45,640",0,0,"45,640",0,0,0,0,0,0,0,0,0,0,0,0,0,0,0
欣銓科技股份有限公司,"29,210",0,0,0,0,0,0,0,0,0,0,0,0,0,0,0,"29,210",0,0
穩懋半導體股份有限公司,"144,869",0,0,0,0,0,0,0,0,0,"144,869",0,0,0,0,0,0,0,0
達邁科技股份有限公司,"32,467",0,0,0,0,0,0,0,0,"32,467",0,0,0,0,0,0,0,0,0
安瀚視特股份有限公司,"36,225",0,0,"36,225",0,0,0,0,0,0,0,0,0,0,0,0,0,0,0
景碩科技股份有限公司,"236,715",0,0,0,0,0,0,0,0,0,"152,001",0,0,0,0,0,"84,714",0,0
亞太優勢微系統股份有限公司,"18,474",0,0,0,0,0,0,0,0,0,0,0,0,0,0,0,"18,474",0,0
住華科技股份有限公司,"43,815",0,0,"43,815",0,0,0,0,0,0,0,0,0,0,0,0,0,0,0
統一企業股份有限公司,"77,562",0,0,"50,948",0,0,0,0,0,0,"26,615",0,0,0,0,0,0,0,0
統一實業股份有限公司,"76,339",0,0,"76,339",0,0,0,0,0,0,0,0,0,0,0,0,0,0,0
得力實業股份有限公司,"63,307",0,0,"63,307",0,0,0,0,0,0,0,0,0,0,0,0,0,0,0
東和鋼鐵企業股份有限公司,"822,114",0,0,0,0,0,0,0,0,"311,993","432,298","77,823",0,0,0,0,0,0,0
長興材料工業股份有限公司,"31,335",0,0,0,0,0,0,0,0,0,0,"31,335",0,0,0,0,0,0,0
南亞塑膠工業股份有限公司,"3,752,539",0,0,0,0,0,0,0,0,0,"1,119,107","27,590",0,"1,604,778","169,895",0,0,"831,169",0
唐榮鐵工廠股份有限公司,"86,380",0,0,0,0,0,0,0,0,0,0,"86,380",0,0,0,0,0,0,0
海光企業股份有限公司,"185,131",0,0,0,0,0,0,0,0,0,0,"185,131",0,0,0,0,0,0,0
漢泰鋼鐵廠股份有限公司,"46,990",0,0,0,0,0,0,0,0,0,0,"46,990",0,0,0,0,0,0,0
台灣塑膠工業股份有限公司,"8,130,027",0,0,0,0,"127,254",0,0,0,0,0,"3,174,386",0,"4,564,374",0,0,0,"264,013",0
燁輝企業股份有限公司,"145,362",0,0,0,0,0,0,0,"26,431",0,0,"118,931",0,0,0,0,0,0,0
勝一化工股份有限公司,"59,136",0,0,0,0,0,0,0,0,0,0,"59,136",0,0,0,0,0,0,0
燁興企業股份有限公司,"28,089",0,0,0,0,0,0,0,0,0,0,"28,089",0,0,0,0,0,0,0
楠梓電子股份有限公司,"30,188",0,0,0,0,0,0,0,0,0,0,"30,188",0,0,0,0,0,0,0
日月光半導體製造股份有限公司,"543,558",0,0,0,0,0,0,0,0,0,"240,791","302,767",0,0,0,0,0,0,0
協勝發鋼鐵廠股份有限公司,"274,545",0,0,0,0,0,0,0,0,0,0,"274,545",0,0,0,0,0,0,0
盛餘股份有限公司,"74,472",0,0,0,0,0,0,0,0,0,0,"74,472",0,0,0,0,0,0,0
台灣醋酸化學股份有限公司,"136,187",0,0,0,0,0,0,0,0,0,0,0,0,"136,187",0,0,0,0,0
台灣美光晶圓科技股份有限公司,"981,257",0,0,0,0,0,0,0,0,0,"981,257",0,0,0,0,0,0,0,0
慶欣欣鋼鐵股份有限公司,"351,944",0,0,0,0,0,0,0,0,0,0,0,0,0,0,0,0,0,"351,944"
連大興有限公司,"31,443",0,0,0,0,0,0,0,0,0,"31,443",0,0,0,0,0,0,0,0
采鈺科技股份有限公司,"41,970",0,0,0,0,0,0,0,0,0,"11,323",0,0,0,0,"30,647",0,0,0
三芳化學工業股份有限公司,"22,860",0,0,0,0,0,0,0,0,0,0,"22,860",0,0,0,0,0,0,0
世界先進積體電路股份有限公司,"632,278",0,0,0,0,0,0,0,0,0,"258,973",0,0,0,0,"210,972","162,333",0,0
矽格聯測股份有限公司,"28,846",0,0,0,0,0,0,0,0,0,0,0,0,0,0,"28,846",0,0,0
友達光電股份有限公司,"1,971,913","1,218,138",0,"24,579",0,0,0,0,0,0,"658,479","26,197",0,0,0,"44,521",0,0,0
晶元光電股份有限公司,"77,386","24,173",0,"53,213",0,0,0,0,0,0,0,0,0,0,0,0,0,0,0
昇陽國際半導體股份有限公司,"23,176",0,0,0,0,0,0,0,0,0,0,0,0,0,0,"23,176",0,0,0
榮剛材料科技股份有限公司,"192,034",0,0,"192,034",0,0,0,0,0,0,0,0,0,0,0,0,0,0,0
翔新企業股份有限公司,"19,026",0,0,0,0,0,0,0,0,0,"19,026",0,0,0,0,0,0,0,0
中龍鋼鐵股份有限公司,"9,216,366","9,216,366",0,0,0,0,0,0,0,0,0,0,0,0,0,0,0,0,0
巧新科技工業股份有限公司,"41,909",0,0,0,0,0,0,0,0,0,0,0,0,"41,909",0,0,0,0,0
龍慶鋼鐵企業股份有限公司,"60,183",0,0,0,0,0,0,0,0,0,0,"60,183",0,0,0,0,0,0,0
高雄塑酯化學工業股份有限公司,"87,790",0,0,0,0,0,0,0,0,0,0,"87,790",0,0,0,0,0,0,0
裕鐵企業股份有限公司,"97,697",0,0,0,0,0,0,0,0,0,0,"97,697",0,0,0,0,0,0,0
中聯資源股份有限公司,"129,511","57,836",0,0,0,0,0,0,0,0,0,"71,676",0,0,0,0,0,0,0
信昌化學工業股份有限公司,"138,448",0,0,0,0,0,0,0,0,0,0,"138,448",0,0,0,0,0,0,0
台塑石化股份有限公司,"24,234,494",0,0,0,0,0,0,0,0,0,0,0,0,"24,234,494",0,0,0,0,0
建榮工業材料股份有限公司,"26,219",0,0,0,0,0,0,0,0,0,"26,219",0,0,0,0,0,0,0,0
潤泰精密材料股份有限公司,"674,336",0,0,0,0,"674,336",0,0,0,0,0,0,0,0,0,0,0,0,0
嘉聯益科技股份有限公司,"21,346",0,0,0,0,0,0,0,0,0,"21,346",0,0,0,0,0,0,0,0
東盟開發實業股份有限公司,"55,475",0,0,"55,475",0,0,0,0,0,0,0,0,0,0,0,0,0,0,0
春雨工廠股份有限公司,"21,094",0,0,0,0,0,0,0,0,0,0,"21,094",0,0,0,0,0,0,0
晉禾企業股份有限公司,"25,589",0,0,0,0,0,0,0,0,0,0,"25,589",0,0,0,0,0,0,0
台灣恩智浦半導體股份有限公司,"63,084",0,0,0,0,0,0,0,0,0,0,"63,084",0,0,0,0,0,0,0
華泰電子股份有限公司,"71,037",0,0,0,0,0,0,0,0,0,0,"71,037",0,0,0,0,0,0,0
東欣實業股份有限公司,"24,850",0,0,0,0,0,0,0,0,0,"24,850",0,0,0,0,0,0,0,0
南亞科技股份有限公司,"430,324",0,0,0,0,0,0,0,0,0,0,0,0,0,"430,324",0,0,0,0
遠東先進纖維股份有限公司,"21,530",0,0,0,0,0,0,0,0,0,"21,530",0,0,0,0,0,0,0,0
台鹽實業股份有限公司,"25,475",0,0,0,0,0,0,0,0,"25,475",0,0,0,0,0,0,0,0,0
台塑勝高科技股份有限公司,"229,103",0,0,0,0,0,0,0,0,0,0,0,0,"229,103",0,0,0,0,0
中聯油脂股份有限公司,"46,277","46,277",0,0,0,0,0,0,0,0,0,0,0,0,0,0,0,0,0
台灣鋼聯股份有限公司,"82,523",0,0,0,0,0,0,0,0,0,0,0,0,0,0,0,0,0,"82,523"
晉瑜企業股份有限公司,"69,772",0,0,0,0,0,0,0,0,0,"30,614",0,0,0,0,0,0,0,"39,158"
鴻揚半導體股份有限公司,"35,032",0,0,0,0,0,0,0,0,0,0,0,0,0,0,"35,032",0,0,0
上評資源循環股份有限公司,"21,031",0,0,0,0,0,0,0,0,0,0,0,0,0,0,0,0,"21,031",0
中華紙漿股份有限公司,"727,556",0,"153,460",0,0,0,"165,376",0,0,0,0,"408,720",0,0,0,0,0,0,0
台耀化學股份有限公司,"35,349",0,0,0,0,0,0,0,0,0,"35,349",0,0,0,0,0,0,0,0
中鋼鋁業股份有限公司,"147,580",0,0,0,0,0,0,0,0,0,0,"147,580",0,0,0,0,0,0,0
漢翔航空工業股份有限公司,"26,878",0,0,0,0,0,0,0,0,0,0,"26,878",0,0,0,0,0,0,0
南中石化工業股份有限公司,"77,712",0,0,0,0,0,0,0,0,0,0,0,0,"77,712",0,0,0,0,0
台日古河銅箔股份有限公司,"51,121",0,0,0,0,0,0,0,0,0,0,0,0,"51,121",0,0,0,0,0
李長榮科技股份有限公司,"58,723",0,0,0,0,0,0,0,0,0,0,"58,723",0,0,0,0,0,0,0