於該縣市排放量佔比,全台,台中市,台東縣,台南市,宜蘭市,宜蘭縣,花蓮縣,南投縣,屏東縣,苗栗縣,桃園市,高雄市,基隆市,雲林縣,新北市,新竹市,新竹縣,嘉義縣,彰化縣
中國石油化學工業開發股份有限公司,100.0%,0.0%,0.0%,0.0%,0.0%,0.0%,0.0%,0.0%,0.0%,3.9%,0.0%,92.9%,0.0%,3.2%,0.0%,0.0%,0.0%,0.0%,0.0%
亞洲水泥股份有限公司,100.0%,0.0%,0.0%,0.0%,0.0%,0.0%,100.0%,0.0%,0.0%,0.0%,0.0%,0.0%,0.0%,0.0%,0.0%,0.0%,0.0%,0.0%,0.0%
萬洲化學股份有限公司,100.0%,0.0%,0.0%,0.0%,0.0%,0.0%,0.0%,0.0%,0.0%,0.0%,100.0%,0.0%,0.0%,0.0%,0.0%,0.0%,0.0%,0.0%,0.0%
信大水泥股份有限公司,100.0%,0.0%,0.0%,0.0%,0.0%,100.0%,0.0%,0.0%,0.0%,0.0%,0.0%,0.0%,0.0%,0.0%,0.0%,0.0%,0.0%,0.0%,0.0%
遠東新世紀股份有限公司,100.0%,0.0%,0.0%,0.0%,0.0%,0.0%,0.0%,0.0%,0.0%,0.0%,29.3%,0.0%,0.0%,0.0%,0.0%,0.0%,70.7%,0.0%,0.0%
台榮產業股份有限公司,100.0%,0.0%,0.0%,0.0%,0.0%,0.0%,0.0%,0.0%,0.0%,0.0%,0.0%,0.0%,0.0%,100.0%,0.0%,0.0%,0.0%,0.0%,0.0%
台橡股份有限公司,100.0%,0.0%,0.0%,0.0%,0.0%,0.0%,0.0%,0.0%,0.0%,0.0%,0.0%,100.0%,0.0%,0.0%,0.0%,0.0%,0.0%,0.0%,0.0%
台灣中油股份有限公司,100.0%,1.0%,0.0%,0.0%,0.0%,0.0%,0.0%,0.0%,0.0%,0.0%,24.3%,74.7%,0.0%,0.0%,0.0%,0.0%,0.0%,0.0%,0.0%
台灣糖業股份有限公司,100.0%,0.0%,0.0%,0.0%,0.0%,0.0%,0.0%,0.0%,0.0%,0.0%,0.0%,100.0%,0.0%,0.0%,0.0%,0.0%,0.0%,0.0%,0.0%
台灣肥料股份有限公司,100.0%,100.0%,0.0%,0.0%,0.0%,0.0%,0.0%,0.0%,0.0%,0.0%,0.0%,0.0%,0.0%,0.0%,0.0%,0.0%,0.0%,0.0%,0.0%
國喬石油化學股份有限公司,100.0%,0.0%,0.0%,0.0%,0.0%,0.0%,0.0%,0.0%,0.0%,0.0%,0.0%,100.0%,0.0%,0.0%,0.0%,0.0%,0.0%,0.0%,0.0%
台燿科技股份有限公司,100.0%,0.0%,0.0%,0.0%,0.0%,0.0%,0.0%,0.0%,0.0%,0.0%,0.0%,0.0%,0.0%,0.0%,0.0%,0.0%,100.0%,0.0%,0.0%
和益化學工業股份有限公司,100.0%,0.0%,0.0%,0.0%,0.0%,0.0%,0.0%,0.0%,0.0%,0.0%,0.0%,100.0%,0.0%,0.0%,0.0%,0.0%,0.0%,0.0%,0.0%
合眾紙業股份有限公司,100.0%,0.0%,0.0%,0.0%,0.0%,0.0%,0.0%,0.0%,0.0%,0.0%,0.0%,0.0%,0.0%,100.0%,0.0%,0.0%,0.0%,0.0%,0.0%
台灣康寧顯示玻璃股份有限公司,100.0%,82.9%,0.0%,17.1%,0.0%,0.0%,0.0%,0.0%,0.0%,0.0%,0.0%,0.0%,0.0%,0.0%,0.0%,0.0%,0.0%,0.0%,0.0%
華通電腦股份有限公司,100.0%,0.0%,0.0%,0.0%,0.0%,0.0%,0.0%,0.0%,0.0%,0.0%,100.0%,0.0%,0.0%,0.0%,0.0%,0.0%,0.0%,0.0%,0.0%
台灣國際造船股份有限公司,100.0%,0.0%,0.0%,0.0%,0.0%,0.0%,0.0%,0.0%,0.0%,0.0%,0.0%,100.0%,0.0%,0.0%,0.0%,0.0%,0.0%,0.0%,0.0%
聯成化學科技股份有限公司,100.0%,0.0%,0.0%,0.0%,0.0%,0.0%,0.0%,0.0%,0.0%,0.0%,0.0%,100.0%,0.0%,0.0%,0.0%,0.0%,0.0%,0.0%,0.0%
金車股份有限公司,100.0%,0.0%,0.0%,0.0%,0.0%,0.0%,0.0%,0.0%,0.0%,0.0%,100.0%,0.0%,0.0%,0.0%,0.0%,0.0%,0.0%,0.0%,0.0%
超豐電子股份有限公司,100.0%,0.0%,0.0%,0.0%,0.0%,0.0%,0.0%,0.0%,0.0%,100.0%,0.0%,0.0%,0.0%,0.0%,0.0%,0.0%,0.0%,0.0%,0.0%
聯華氣體工業股份有限公司,100.0%,0.0%,0.0%,0.0%,0.0%,0.0%,0.0%,0.0%,0.0%,0.0%,0.0%,100.0%,0.0%,0.0%,0.0%,0.0%,0.0%,0.0%,0.0%
燿華電子股份有限公司,100.0%,0.0%,0.0%,0.0%,0.0%,51.6%,0.0%,0.0%,0.0%,0.0%,0.0%,0.0%,0.0%,0.0%,48.4%,0.0%,0.0%,0.0%,0.0%
大同染整股份有限公司,100.0%,0.0%,0.0%,0.0%,0.0%,0.0%,0.0%,0.0%,0.0%,0.0%,100.0%,0.0%,0.0%,0.0%,0.0%,0.0%,0.0%,0.0%,0.0%
中國人造纖維股份有限公司,100.0%,0.0%,0.0%,0.0%,0.0%,0.0%,0.0%,0.0%,0.0%,0.0%,0.0%,100.0%,0.0%,0.0%,0.0%,0.0%,0.0%,0.0%,0.0%
東明纖維工業股份有限公司,100.0%,0.0%,0.0%,0.0%,0.0%,0.0%,0.0%,0.0%,0.0%,0.0%,100.0%,0.0%,0.0%,0.0%,0.0%,0.0%,0.0%,0.0%,0.0%
東培工業股份有限公司,100.0%,0.0%,0.0%,0.0%,0.0%,0.0%,0.0%,0.0%,0.0%,0.0%,100.0%,0.0%,0.0%,0.0%,0.0%,0.0%,0.0%,0.0%,0.0%
宏洲纖維工業股份有限公司,100.0%,0.0%,0.0%,0.0%,0.0%,0.0%,0.0%,0.0%,0.0%,0.0%,100.0%,0.0%,0.0%,0.0%,0.0%,0.0%,0.0%,0.0%,0.0%
新光合成纖維股份有限公司,100.0%,0.0%,0.0%,0.0%,0.0%,0.0%,0.0%,0.0%,0.0%,0.0%,100.0%,0.0%,0.0%,0.0%,0.0%,0.0%,0.0%,0.0%,0.0%
新隆纖維染整股份有限公司,100.0%,0.0%,0.0%,0.0%,0.0%,0.0%,0.0%,0.0%,0.0%,0.0%,100.0%,0.0%,0.0%,0.0%,0.0%,0.0%,0.0%,0.0%,0.0%
環球水泥股份有限公司,100.0%,0.0%,0.0%,0.0%,0.0%,0.0%,0.0%,0.0%,0.0%,0.0%,100.0%,0.0%,0.0%,0.0%,0.0%,0.0%,0.0%,0.0%,0.0%
新瑞倡企業股份有限公司,100.0%,0.0%,0.0%,0.0%,0.0%,0.0%,0.0%,0.0%,0.0%,0.0%,100.0%,0.0%,0.0%,0.0%,0.0%,0.0%,0.0%,0.0%,0.0%
力麗企業股份有限公司,100.0%,0.0%,0.0%,0.0%,0.0%,0.0%,0.0%,0.0%,0.0%,0.0%,0.0%,0.0%,0.0%,0.0%,0.0%,0.0%,0.0%,0.0%,100.0%
中鴻鋼鐵股份有限公司,100.0%,0.0%,0.0%,0.0%,0.0%,0.0%,0.0%,0.0%,0.0%,0.0%,0.0%,100.0%,0.0%,0.0%,0.0%,0.0%,0.0%,0.0%,0.0%
三福氣體股份有限公司,100.0%,12.3%,0.0%,51.6%,0.0%,0.0%,0.0%,0.0%,0.0%,0.0%,36.1%,0.0%,0.0%,0.0%,0.0%,0.0%,0.0%,0.0%,0.0%
東南實業股份有限公司,100.0%,0.0%,0.0%,0.0%,0.0%,100.0%,0.0%,0.0%,0.0%,0.0%,0.0%,0.0%,0.0%,0.0%,0.0%,0.0%,0.0%,0.0%,0.0%
長春人造樹脂廠股份有限公司,100.0%,0.0%,0.0%,0.0%,0.0%,0.0%,0.0%,0.0%,0.0%,0.0%,0.0%,73.9%,0.0%,0.0%,0.0%,0.0%,20.0%,0.0%,6.1%
長春石油化學股份有限公司,100.0%,0.0%,0.0%,0.0%,0.0%,0.0%,0.0%,0.0%,0.0%,55.6%,0.0%,22.6%,0.0%,19.7%,0.0%,0.0%,0.0%,0.0%,2.0%
南港輪胎股份有限公司,100.0%,0.0%,0.0%,0.0%,0.0%,0.0%,0.0%,0.0%,0.0%,0.0%,0.0%,0.0%,0.0%,0.0%,0.0%,0.0%,100.0%,0.0%,0.0%
華夏海灣塑膠股份有限公司,100.0%,0.0%,0.0%,0.0%,0.0%,0.0%,0.0%,0.0%,0.0%,100.0%,0.0%,0.0%,0.0%,0.0%,0.0%,0.0%,0.0%,0.0%,0.0%
義美食品股份有限公司,100.0%,0.0%,0.0%,0.0%,0.0%,0.0%,0.0%,0.0%,0.0%,0.0%,100.0%,0.0%,0.0%,0.0%,0.0%,0.0%,0.0%,0.0%,0.0%
台灣史谷脫紙業股份有限公司,100.0%,0.0%,0.0%,100.0%,0.0%,0.0%,0.0%,0.0%,0.0%,0.0%,0.0%,0.0%,0.0%,0.0%,0.0%,0.0%,0.0%,0.0%,0.0%
台豐印刷電路工業股份有限公司,100.0%,0.0%,0.0%,0.0%,0.0%,0.0%,0.0%,0.0%,0.0%,0.0%,0.0%,0.0%,0.0%,0.0%,0.0%,0.0%,100.0%,0.0%,0.0%
台達化學工業股份有限公司,100.0%,0.0%,0.0%,0.0%,0.0%,0.0%,0.0%,0.0%,0.0%,0.0%,0.0%,100.0%,0.0%,0.0%,0.0%,0.0%,0.0%,0.0%,0.0%
台灣紙業股份有限公司,100.0%,0.0%,0.0%,100.0%,0.0%,0.0%,0.0%,0.0%,0.0%,0.0%,0.0%,0.0%,0.0%,0.0%,0.0%,0.0%,0.0%,0.0%,0.0%
台灣水泥股份有限公司,100.0%,0.0%,0.0%,0.0%,0.0%,32.5%,67.5%,0.0%,0.0%,0.0%,0.0%,0.0%,0.0%,0.0%,0.0%,0.0%,0.0%,0.0%,0.0%
台灣玻璃工業股份有限公司,100.0%,20.6%,0.0%,0.0%,0.0%,0.0%,0.0%,0.0%,0.0%,0.0%,13.8%,0.0%,0.0%,0.0%,0.0%,27.2%,0.0%,0.0%,38.4%
台灣聚合化學品股份有限公司,100.0%,0.0%,0.0%,0.0%,0.0%,0.0%,0.0%,0.0%,0.0%,0.0%,0.0%,100.0%,0.0%,0.0%,0.0%,0.0%,0.0%,0.0%,0.0%
中環股份有限公司,100.0%,0.0%,0.0%,0.0%,0.0%,0.0%,0.0%,0.0%,0.0%,0.0%,100.0%,0.0%,0.0%,0.0%,0.0%,0.0%,0.0%,0.0%,0.0%
南帝化學工業股份有限公司,100.0%,0.0%,0.0%,0.0%,0.0%,0.0%,0.0%,0.0%,0.0%,0.0%,0.0%,100.0%,0.0%,0.0%,0.0%,0.0%,0.0%,0.0%,0.0%
大連化學工業股份有限公司,100.0%,0.0%,0.0%,0.0%,0.0%,0.0%,0.0%,0.0%,0.0%,0.0%,0.0%,49.1%,0.0%,50.9%,0.0%,0.0%,0.0%,0.0%,0.0%
國瑞汽車股份有限公司,100.0%,0.0%,0.0%,0.0%,0.0%,0.0%,0.0%,0.0%,0.0%,0.0%,100.0%,0.0%,0.0%,0.0%,0.0%,0.0%,0.0%,0.0%,0.0%
環泰企業股份有限公司,100.0%,0.0%,0.0%,0.0%,0.0%,0.0%,0.0%,0.0%,0.0%,0.0%,100.0%,0.0%,0.0%,0.0%,0.0%,0.0%,0.0%,0.0%,0.0%
曜智實業股份有限公司,100.0%,0.0%,0.0%,0.0%,0.0%,0.0%,0.0%,0.0%,0.0%,0.0%,0.0%,0.0%,0.0%,0.0%,0.0%,0.0%,0.0%,100.0%,0.0%
台合科技股份有限公司,100.0%,0.0%,0.0%,0.0%,0.0%,0.0%,0.0%,0.0%,0.0%,0.0%,0.0%,100.0%,0.0%,0.0%,0.0%,0.0%,0.0%,0.0%,0.0%
群創光電股份有限公司,100.0%,0.0%,0.0%,62.2%,0.0%,0.0%,0.0%,0.0%,0.0%,17.6%,0.0%,20.2%,0.0%,0.0%,0.0%,0.0%,0.0%,0.0%,0.0%
敦南科技股份有限公司,100.0%,0.0%,0.0%,0.0%,0.0%,0.0%,0.0%,0.0%,0.0%,0.0%,0.0%,0.0%,0.0%,0.0%,0.0%,100.0%,0.0%,0.0%,0.0%
香榮實業股份有限公司,100.0%,0.0%,0.0%,0.0%,0.0%,0.0%,0.0%,0.0%,0.0%,0.0%,100.0%,0.0%,0.0%,0.0%,0.0%,0.0%,0.0%,0.0%,0.0%
鉅輝鋼鐵股份有限公司,100.0%,0.0%,0.0%,0.0%,0.0%,0.0%,0.0%,0.0%,0.0%,0.0%,100.0%,0.0%,0.0%,0.0%,0.0%,0.0%,0.0%,0.0%,0.0%
福懋興業股份有限公司,100.0%,0.0%,0.0%,0.0%,0.0%,0.0%,0.0%,0.0%,0.0%,0.0%,0.0%,0.0%,0.0%,100.0%,0.0%,0.0%,0.0%,0.0%,0.0%
中美和石油化學股份有限公司,100.0%,100.0%,0.0%,0.0%,0.0%,0.0%,0.0%,0.0%,0.0%,0.0%,0.0%,0.0%,0.0%,0.0%,0.0%,0.0%,0.0%,0.0%,0.0%
東聯化學股份有限公司,100.0%,0.0%,0.0%,0.0%,0.0%,0.0%,0.0%,0.0%,0.0%,0.0%,0.0%,100.0%,0.0%,0.0%,0.0%,0.0%,0.0%,0.0%,0.0%
義芳化學工業股份有限公司,100.0%,0.0%,0.0%,0.0%,0.0%,0.0%,0.0%,0.0%,0.0%,0.0%,100.0%,0.0%,0.0%,0.0%,0.0%,0.0%,0.0%,0.0%,0.0%
力成科技股份有限公司,100.0%,0.0%,0.0%,0.0%,0.0%,0.0%,0.0%,0.0%,0.0%,0.0%,0.0%,0.0%,0.0%,0.0%,0.0%,13.2%,86.8%,0.0%,0.0%
中華凸版電子股份有限公司,100.0%,0.0%,0.0%,0.0%,0.0%,0.0%,0.0%,0.0%,0.0%,0.0%,100.0%,0.0%,0.0%,0.0%,0.0%,0.0%,0.0%,0.0%,0.0%
南亞電路板股份有限公司,100.0%,0.0%,0.0%,0.0%,0.0%,0.0%,0.0%,0.0%,0.0%,0.0%,85.9%,0.0%,0.0%,0.0%,14.1%,0.0%,0.0%,0.0%,0.0%
頎邦科技股份有限公司,100.0%,0.0%,0.0%,0.0%,0.0%,0.0%,0.0%,0.0%,0.0%,0.0%,0.0%,34.6%,0.0%,0.0%,0.0%,32.3%,33.1%,0.0%,0.0%
南茂科技股份有限公司,100.0%,0.0%,0.0%,49.2%,0.0%,0.0%,0.0%,0.0%,0.0%,0.0%,0.0%,0.0%,0.0%,0.0%,0.0%,0.0%,50.8%,0.0%,0.0%
宏捷科技股份有限公司,100.0%,0.0%,0.0%,100.0%,0.0%,0.0%,0.0%,0.0%,0.0%,0.0%,0.0%,0.0%,0.0%,0.0%,0.0%,0.0%,0.0%,0.0%,0.0%
合晶科技股份有限公司,100.0%,0.0%,0.0%,0.0%,0.0%,0.0%,0.0%,0.0%,0.0%,0.0%,100.0%,0.0%,0.0%,0.0%,0.0%,0.0%,0.0%,0.0%,0.0%
凌巨科技股份有限公司,100.0%,0.0%,0.0%,0.0%,0.0%,0.0%,0.0%,0.0%,0.0%,0.0%,100.0%,0.0%,0.0%,0.0%,0.0%,0.0%,0.0%,0.0%,0.0%
能元科技股份有限公司,100.0%,0.0%,0.0%,100.0%,0.0%,0.0%,0.0%,0.0%,0.0%,0.0%,0.0%,0.0%,0.0%,0.0%,0.0%,0.0%,0.0%,0.0%,0.0%
台塑旭彈性纖維股份有限公司,100.0%,0.0%,0.0%,0.0%,0.0%,0.0%,0.0%,0.0%,0.0%,0.0%,0.0%,0.0%,0.0%,100.0%,0.0%,0.0%,0.0%,0.0%,0.0%
金居開發股份有限公司,100.0%,0.0%,0.0%,0.0%,0.0%,0.0%,0.0%,0.0%,0.0%,0.0%,0.0%,0.0%,0.0%,100.0%,0.0%,0.0%,0.0%,0.0%,0.0%
瀚宇彩晶股份有限公司,100.0%,0.0%,0.0%,100.0%,0.0%,0.0%,0.0%,0.0%,0.0%,0.0%,0.0%,0.0%,0.0%,0.0%,0.0%,0.0%,0.0%,0.0%,0.0%
艾克爾國際科技股份有限公司,100.0%,0.0%,0.0%,0.0%,0.0%,0.0%,0.0%,0.0%,0.0%,0.0%,55.8%,0.0%,0.0%,0.0%,0.0%,0.0%,44.2%,0.0%,0.0%
豐年豐和企業股份有限公司,100.0%,0.0%,0.0%,100.0%,0.0%,0.0%,0.0%,0.0%,0.0%,0.0%,0.0%,0.0%,0.0%,0.0%,0.0%,0.0%,0.0%,0.0%,0.0%
旭德科技股份有限公司,100.0%,0.0%,0.0%,0.0%,0.0%,0.0%,0.0%,0.0%,0.0%,0.0%,0.0%,0.0%,0.0%,0.0%,0.0%,0.0%,100.0%,0.0%,0.0%
精材科技股份有限公司,100.0%,0.0%,0.0%,0.0%,0.0%,0.0%,0.0%,0.0%,0.0%,0.0%,100.0%,0.0%,0.0%,0.0%,0.0%,0.0%,0.0%,0.0%,0.0%
富喬工業股份有限公司,100.0%,0.0%,0.0%,0.0%,0.0%,0.0%,0.0%,0.0%,0.0%,0.0%,0.0%,0.0%,0.0%,100.0%,0.0%,0.0%,0.0%,0.0%,0.0%
艾克爾先進科技股份有限公司,100.0%,0.0%,0.0%,0.0%,0.0%,0.0%,0.0%,0.0%,0.0%,0.0%,0.0%,0.0%,0.0%,0.0%,0.0%,0.0%,100.0%,0.0%,0.0%
東隆興業股份有限公司,100.0%,0.0%,0.0%,0.0%,0.0%,0.0%,0.0%,0.0%,0.0%,0.0%,36.8%,0.0%,0.0%,0.0%,0.0%,0.0%,0.0%,0.0%,63.2%
華新科技股份有限公司,100.0%,0.0%,0.0%,0.0%,0.0%,0.0%,0.0%,0.0%,0.0%,0.0%,0.0%,100.0%,0.0%,0.0%,0.0%,0.0%,0.0%,0.0%,0.0%
台灣氯乙烯工業股份有限公司,100.0%,0.0%,0.0%,0.0%,0.0%,0.0%,0.0%,0.0%,0.0%,0.0%,0.0%,100.0%,0.0%,0.0%,0.0%,0.0%,0.0%,0.0%,0.0%
亞洲聚合股份有限公司,100.0%,0.0%,0.0%,0.0%,0.0%,0.0%,0.0%,0.0%,0.0%,0.0%,0.0%,100.0%,0.0%,0.0%,0.0%,0.0%,0.0%,0.0%,0.0%
台灣苯乙烯工業股份有限公司,100.0%,0.0%,0.0%,0.0%,0.0%,0.0%,0.0%,0.0%,0.0%,0.0%,0.0%,100.0%,0.0%,0.0%,0.0%,0.0%,0.0%,0.0%,0.0%
大統益股份有限公司,100.0%,0.0%,0.0%,100.0%,0.0%,0.0%,0.0%,0.0%,0.0%,0.0%,0.0%,0.0%,0.0%,0.0%,0.0%,0.0%,0.0%,0.0%,0.0%
立安東化工股份有限公司,100.0%,0.0%,0.0%,0.0%,0.0%,0.0%,0.0%,0.0%,0.0%,100.0%,0.0%,0.0%,0.0%,0.0%,0.0%,0.0%,0.0%,0.0%,0.0%
台灣茂矽電子股份有限公司,100.0%,0.0%,0.0%,0.0%,0.0%,0.0%,0.0%,0.0%,0.0%,0.0%,0.0%,0.0%,0.0%,0.0%,0.0%,100.0%,0.0%,0.0%,0.0%
台灣積體電路製造股份有限公司,100.0%,24.4%,0.0%,51.3%,0.0%,0.0%,0.0%,0.0%,0.0%,1.0%,1.9%,0.0%,0.0%,0.0%,0.0%,4.8%,16.6%,0.0%,0.0%
元隆電子股份有限公司,100.0%,0.0%,0.0%,0.0%,0.0%,0.0%,0.0%,0.0%,0.0%,0.0%,0.0%,0.0%,0.0%,0.0%,0.0%,100.0%,0.0%,0.0%,0.0%
華邦電子股份有限公司,100.0%,71.4%,0.0%,0.0%,0.0%,0.0%,0.0%,0.0%,0.0%,0.0%,0.0%,28.6%,0.0%,0.0%,0.0%,0.0%,0.0%,0.0%,0.0%
台灣高技股份有限公司,100.0%,0.0%,0.0%,0.0%,0.0%,0.0%,0.0%,0.0%,0.0%,0.0%,0.0%,0.0%,0.0%,0.0%,0.0%,0.0%,100.0%,0.0%,0.0%
聯亞科技股份有限公司,100.0%,19.5%,0.0%,30.2%,0.0%,0.0%,0.0%,0.0%,0.0%,0.0%,0.0%,0.0%,0.0%,0.0%,0.0%,42.2%,8.1%,0.0%,0.0%
旺宏電子股份有限公司,100.0%,0.0%,0.0%,0.0%,0.0%,0.0%,0.0%,0.0%,0.0%,0.0%,0.0%,0.0%,0.0%,0.0%,0.0%,100.0%,0.0%,0.0%,0.0%
元太科技工業股份有限公司,100.0%,0.0%,0.0%,0.0%,0.0%,0.0%,0.0%,0.0%,0.0%,0.0%,0.0%,0.0%,0.0%,0.0%,0.0%,100.0%,0.0%,0.0%,0.0%
台灣福雷電子股份有限公司,100.0%,0.0%,0.0%,0.0%,0.0%,0.0%,0.0%,0.0%,0.0%,0.0%,0.0%,100.0%,0.0%,0.0%,0.0%,0.0%,0.0%,0.0%,0.0%
華東科技股份有限公司,100.0%,0.0%,0.0%,0.0%,0.0%,0.0%,0.0%,0.0%,0.0%,0.0%,0.0%,100.0%,0.0%,0.0%,0.0%,0.0%,0.0%,0.0%,0.0%
年興紡織股份有限公司,100.0%,0.0%,0.0%,0.0%,0.0%,0.0%,0.0%,0.0%,0.0%,100.0%,0.0%,0.0%,0.0%,0.0%,0.0%,0.0%,0.0%,0.0%,0.0%
大統新創股份有限公司,100.0%,0.0%,0.0%,0.0%,0.0%,0.0%,0.0%,0.0%,0.0%,0.0%,100.0%,0.0%,0.0%,0.0%,0.0%,0.0%,0.0%,0.0%,0.0%
台灣志氯化學股份有限公司,100.0%,0.0%,0.0%,0.0%,0.0%,0.0%,0.0%,0.0%,0.0%,0.0%,0.0%,100.0%,0.0%,0.0%,0.0%,0.0%,0.0%,0.0%,0.0%
亞東石化股份有限公司,100.0%,0.0%,0.0%,0.0%,0.0%,0.0%,0.0%,0.0%,0.0%,0.0%,100.0%,0.0%,0.0%,0.0%,0.0%,0.0%,0.0%,0.0%,0.0%
永豐餘消費品實業股份有限公司,100.0%,58.0%,0.0%,0.0%,0.0%,0.0%,0.0%,0.0%,0.0%,0.0%,42.0%,0.0%,0.0%,0.0%,0.0%,0.0%,0.0%,0.0%,0.0%
碁富食品股份有限公司,100.0%,0.0%,0.0%,0.0%,0.0%,0.0%,0.0%,0.0%,0.0%,0.0%,0.0%,0.0%,0.0%,0.0%,0.0%,0.0%,0.0%,0.0%,100.0%
獻麒紡織工業股份有限公司,100.0%,0.0%,0.0%,0.0%,0.0%,0.0%,0.0%,0.0%,0.0%,0.0%,0.0%,0.0%,0.0%,0.0%,0.0%,0.0%,0.0%,0.0%,100.0%
大立光電股份有限公司,100.0%,100.0%,0.0%,0.0%,0.0%,0.0%,0.0%,0.0%,0.0%,0.0%,0.0%,0.0%,0.0%,0.0%,0.0%,0.0%,0.0%,0.0%,0.0%
京元電子股份有限公司,100.0%,0.0%,0.0%,0.0%,0.0%,0.0%,0.0%,0.0%,0.0%,100.0%,0.0%,0.0%,0.0%,0.0%,0.0%,0.0%,0.0%,0.0%,0.0%
亞東工業氣體股份有限公司,100.0%,58.8%,0.0%,8.7%,0.0%,0.0%,0.0%,0.0%,0.0%,0.0%,7.6%,15.8%,0.0%,0.0%,0.0%,9.1%,0.0%,0.0%,0.0%
先豐通訊股份有限公司,100.0%,0.0%,0.0%,0.0%,0.0%,0.0%,0.0%,0.0%,0.0%,0.0%,100.0%,0.0%,0.0%,0.0%,0.0%,0.0%,0.0%,0.0%,0.0%
國巨股份有限公司,100.0%,0.0%,0.0%,0.0%,0.0%,0.0%,0.0%,0.0%,0.0%,0.0%,0.0%,100.0%,0.0%,0.0%,0.0%,0.0%,0.0%,0.0%,0.0%
台灣必成股份有限公司,100.0%,0.0%,0.0%,0.0%,0.0%,0.0%,0.0%,0.0%,0.0%,0.0%,0.0%,0.0%,0.0%,0.0%,0.0%,0.0%,0.0%,100.0%,0.0%
科德寶遠東股份有限公司,100.0%,0.0%,0.0%,0.0%,0.0%,0.0%,0.0%,0.0%,0.0%,0.0%,100.0%,0.0%,0.0%,0.0%,0.0%,0.0%,0.0%,0.0%,0.0%
福隆玻璃纖維股份有限公司,100.0%,0.0%,0.0%,0.0%,0.0%,0.0%,0.0%,0.0%,0.0%,0.0%,0.0%,0.0%,0.0%,0.0%,0.0%,0.0%,0.0%,100.0%,0.0%
宏遠興業股份有限公司,100.0%,0.0%,0.0%,100.0%,0.0%,0.0%,0.0%,0.0%,0.0%,0.0%,0.0%,0.0%,0.0%,0.0%,0.0%,0.0%,0.0%,0.0%,0.0%
廣達電腦股份有限公司,100.0%,0.0%,0.0%,0.0%,0.0%,0.0%,0.0%,0.0%,0.0%,0.0%,100.0%,0.0%,0.0%,0.0%,0.0%,0.0%,0.0%,0.0%,0.0%
聯成鋼鐵股份有限公司,100.0%,0.0%,0.0%,0.0%,0.0%,0.0%,0.0%,0.0%,0.0%,0.0%,100.0%,0.0%,0.0%,0.0%,0.0%,0.0%,0.0%,0.0%,0.0%
台灣寶理塑膠股份有限公司,100.0%,0.0%,0.0%,0.0%,0.0%,0.0%,0.0%,0.0%,0.0%,0.0%,0.0%,100.0%,0.0%,0.0%,0.0%,0.0%,0.0%,0.0%,0.0%
遠東氣體工業股份有限公司,100.0%,0.0%,0.0%,0.0%,0.0%,0.0%,0.0%,0.0%,0.0%,0.0%,0.0%,100.0%,0.0%,0.0%,0.0%,0.0%,0.0%,0.0%,0.0%
矽格股份有限公司,100.0%,0.0%,0.0%,0.0%,0.0%,0.0%,0.0%,0.0%,0.0%,0.0%,0.0%,0.0%,0.0%,0.0%,0.0%,0.0%,100.0%,0.0%,0.0%
燁聯鋼鐵股份有限公司,100.0%,0.0%,0.0%,0.0%,0.0%,0.0%,0.0%,0.0%,0.0%,0.0%,0.0%,100.0%,0.0%,0.0%,0.0%,0.0%,0.0%,0.0%,0.0%
中鋼碳素化學股份有限公司,100.0%,0.0%,0.0%,0.0%,0.0%,0.0%,0.0%,0.0%,0.0%,0.0%,0.0%,100.0%,0.0%,0.0%,0.0%,0.0%,0.0%,0.0%,0.0%
銓盟企業股份有限公司,100.0%,0.0%,0.0%,0.0%,0.0%,0.0%,0.0%,0.0%,0.0%,0.0%,100.0%,0.0%,0.0%,0.0%,0.0%,0.0%,0.0%,0.0%,0.0%
泓達化工股份有限公司,100.0%,0.0%,0.0%,0.0%,0.0%,0.0%,0.0%,0.0%,0.0%,0.0%,0.0%,100.0%,0.0%,0.0%,0.0%,0.0%,0.0%,0.0%,0.0%
上銀科技股份有限公司,100.0%,0.0%,0.0%,0.0%,0.0%,0.0%,0.0%,0.0%,0.0%,0.0%,0.0%,0.0%,0.0%,100.0%,0.0%,0.0%,0.0%,0.0%,0.0%
合興石化工業股份有限公司,100.0%,0.0%,0.0%,0.0%,0.0%,0.0%,0.0%,0.0%,0.0%,0.0%,0.0%,100.0%,0.0%,0.0%,0.0%,0.0%,0.0%,0.0%,0.0%
欣興電子股份有限公司,100.0%,0.0%,0.0%,0.0%,0.0%,0.0%,0.0%,0.0%,0.0%,0.0%,71.8%,0.0%,0.0%,0.0%,0.0%,0.0%,28.2%,0.0%,0.0%
福懋科技股份有限公司,100.0%,0.0%,0.0%,0.0%,0.0%,0.0%,0.0%,0.0%,0.0%,0.0%,0.0%,0.0%,0.0%,100.0%,0.0%,0.0%,0.0%,0.0%,0.0%
三義化學工業股份有限公司,100.0%,0.0%,0.0%,0.0%,0.0%,0.0%,0.0%,0.0%,0.0%,0.0%,100.0%,0.0%,0.0%,0.0%,0.0%,0.0%,0.0%,0.0%,0.0%
日皓造紙工業股份有限公司,100.0%,0.0%,0.0%,0.0%,0.0%,0.0%,0.0%,0.0%,0.0%,0.0%,100.0%,0.0%,0.0%,0.0%,0.0%,0.0%,0.0%,0.0%,0.0%
三陽工業股份有限公司,100.0%,0.0%,0.0%,0.0%,0.0%,0.0%,0.0%,0.0%,0.0%,0.0%,0.0%,0.0%,0.0%,0.0%,0.0%,0.0%,100.0%,0.0%,0.0%
友達晶材股份有限公司,100.0%,100.0%,0.0%,0.0%,0.0%,0.0%,0.0%,0.0%,0.0%,0.0%,0.0%,0.0%,0.0%,0.0%,0.0%,0.0%,0.0%,0.0%,0.0%
晶碩光學股份有限公司,100.0%,0.0%,0.0%,0.0%,0.0%,0.0%,0.0%,0.0%,0.0%,0.0%,100.0%,0.0%,0.0%,0.0%,0.0%,0.0%,0.0%,0.0%,0.0%
台群工業股份有限公司,100.0%,0.0%,0.0%,0.0%,0.0%,0.0%,0.0%,0.0%,0.0%,0.0%,100.0%,0.0%,0.0%,0.0%,0.0%,0.0%,0.0%,0.0%,0.0%
紡安股份有限公司,100.0%,0.0%,0.0%,0.0%,0.0%,0.0%,0.0%,0.0%,0.0%,100.0%,0.0%,0.0%,0.0%,0.0%,0.0%,0.0%,0.0%,0.0%,0.0%
尚承鋼鐵股份有限公司,100.0%,0.0%,0.0%,0.0%,0.0%,0.0%,0.0%,0.0%,0.0%,0.0%,0.0%,100.0%,0.0%,0.0%,0.0%,0.0%,0.0%,0.0%,0.0%
新科光電材料股份有限公司,100.0%,0.0%,0.0%,0.0%,0.0%,0.0%,0.0%,0.0%,0.0%,0.0%,100.0%,0.0%,0.0%,0.0%,0.0%,0.0%,0.0%,0.0%,0.0%
永豐餘工業用紙股份有限公司,100.0%,0.0%,0.0%,0.0%,0.0%,0.0%,0.0%,0.0%,0.0%,0.0%,100.0%,0.0%,0.0%,0.0%,0.0%,0.0%,0.0%,0.0%,0.0%
聯合再生能源股份有限公司,100.0%,0.0%,0.0%,62.6%,0.0%,0.0%,0.0%,0.0%,0.0%,37.4%,0.0%,0.0%,0.0%,0.0%,0.0%,0.0%,0.0%,0.0%,0.0%
誠美材料科技股份有限公司,100.0%,0.0%,0.0%,100.0%,0.0%,0.0%,0.0%,0.0%,0.0%,0.0%,0.0%,0.0%,0.0%,0.0%,0.0%,0.0%,0.0%,0.0%,0.0%
欣建工業股份有限公司,100.0%,0.0%,0.0%,0.0%,0.0%,0.0%,0.0%,0.0%,0.0%,0.0%,0.0%,100.0%,0.0%,0.0%,0.0%,0.0%,0.0%,0.0%,0.0%
易昇鋼鐵股份有限公司,100.0%,0.0%,0.0%,100.0%,0.0%,0.0%,0.0%,0.0%,0.0%,0.0%,0.0%,0.0%,0.0%,0.0%,0.0%,0.0%,0.0%,0.0%,0.0%
新唐科技股份有限公司,100.0%,0.0%,0.0%,0.0%,0.0%,0.0%,0.0%,0.0%,0.0%,0.0%,0.0%,0.0%,0.0%,0.0%,0.0%,100.0%,0.0%,0.0%,0.0%
力晶積成電子製造股份有限公司,100.0%,0.0%,0.0%,0.0%,0.0%,0.0%,0.0%,0.0%,0.0%,7.0%,0.0%,0.0%,0.0%,0.0%,0.0%,93.0%,0.0%,0.0%,0.0%
環球晶圓股份有限公司,100.0%,0.0%,0.0%,0.0%,0.0%,0.0%,0.0%,0.0%,0.0%,14.6%,0.0%,0.0%,0.0%,0.0%,0.0%,0.0%,85.4%,0.0%,0.0%
晶成半導體股份有限公司,100.0%,0.0%,0.0%,0.0%,0.0%,0.0%,0.0%,0.0%,0.0%,0.0%,0.0%,0.0%,0.0%,0.0%,0.0%,100.0%,0.0%,0.0%,0.0%
達輝光電股份有限公司,100.0%,0.0%,0.0%,0.0%,0.0%,0.0%,0.0%,0.0%,0.0%,100.0%,0.0%,0.0%,0.0%,0.0%,0.0%,0.0%,0.0%,0.0%,0.0%
晶兆成科技股份有限公司,100.0%,0.0%,0.0%,0.0%,0.0%,0.0%,0.0%,0.0%,0.0%,0.0%,0.0%,0.0%,0.0%,0.0%,0.0%,0.0%,100.0%,0.0%,0.0%
藍海氣體工業股份有限公司,100.0%,100.0%,0.0%,0.0%,0.0%,0.0%,0.0%,0.0%,0.0%,0.0%,0.0%,0.0%,0.0%,0.0%,0.0%,0.0%,0.0%,0.0%,0.0%
台灣美光記憶體股份有限公司,100.0%,100.0%,0.0%,0.0%,0.0%,0.0%,0.0%,0.0%,0.0%,0.0%,0.0%,0.0%,0.0%,0.0%,0.0%,0.0%,0.0%,0.0%,0.0%
餘慶堂興業股份有限公司,100.0%,100.0%,0.0%,0.0%,0.0%,0.0%,0.0%,0.0%,0.0%,0.0%,0.0%,0.0%,0.0%,0.0%,0.0%,0.0%,0.0%,0.0%,0.0%
元晶太陽能科技股份有限公司,100.0%,0.0%,0.0%,0.0%,0.0%,0.0%,0.0%,0.0%,0.0%,0.0%,0.0%,0.0%,0.0%,0.0%,0.0%,0.0%,100.0%,0.0%,0.0%
環球橡膠股份有限公司,100.0%,0.0%,0.0%,0.0%,0.0%,0.0%,0.0%,0.0%,0.0%,0.0%,0.0%,100.0%,0.0%,0.0%,0.0%,0.0%,0.0%,0.0%,0.0%
中國鋼鐵股份有限公司,100.0%,0.0%,0.0%,0.0%,0.0%,0.0%,0.0%,0.0%,0.0%,0.0%,0.0%,100.0%,0.0%,0.0%,0.0%,0.0%,0.0%,0.0%,0.0%
辛耘企業股份有限公司,100.0%,0.0%,0.0%,0.0%,0.0%,0.0%,0.0%,0.0%,0.0%,0.0%,0.0%,0.0%,0.0%,0.0%,0.0%,0.0%,100.0%,0.0%,0.0%
金像電子股份有限公司,100.0%,0.0%,0.0%,0.0%,0.0%,0.0%,0.0%,0.0%,0.0%,0.0%,100.0%,0.0%,0.0%,0.0%,0.0%,0.0%,0.0%,0.0%,0.0%
台灣石化合成股份有限公司,100.0%,0.0%,0.0%,0.0%,0.0%,0.0%,0.0%,0.0%,0.0%,0.0%,0.0%,100.0%,0.0%,0.0%,0.0%,0.0%,0.0%,0.0%,0.0%
正隆股份有限公司,100.0%,62.8%,0.0%,0.0%,0.0%,0.0%,0.0%,0.0%,0.0%,0.0%,25.7%,0.0%,0.0%,0.0%,0.0%,1.9%,9.6%,0.0%,0.0%
怡華實業股份有限公司,100.0%,0.0%,0.0%,100.0%,0.0%,0.0%,0.0%,0.0%,0.0%,0.0%,0.0%,0.0%,0.0%,0.0%,0.0%,0.0%,0.0%,0.0%,0.0%
德州儀器工業股份有限公司,100.0%,0.0%,0.0%,0.0%,0.0%,0.0%,0.0%,0.0%,0.0%,0.0%,0.0%,0.0%,0.0%,0.0%,100.0%,0.0%,0.0%,0.0%,0.0%
力鵬企業股份有限公司,100.0%,0.0%,0.0%,0.0%,0.0%,0.0%,0.0%,0.0%,0.0%,0.0%,37.5%,0.0%,0.0%,0.0%,0.0%,0.0%,0.0%,0.0%,62.5%
錦美紙業股份有限公司,100.0%,0.0%,0.0%,0.0%,0.0%,0.0%,0.0%,0.0%,0.0%,0.0%,100.0%,0.0%,0.0%,0.0%,0.0%,0.0%,0.0%,0.0%,0.0%
榮成紙業股份有限公司,100.0%,0.0%,0.0%,0.0%,0.0%,0.0%,0.0%,0.0%,0.0%,0.0%,0.0%,0.0%,0.0%,0.0%,0.0%,0.0%,0.0%,0.0%,100.0%
金元福包裝企業股份有限公司,100.0%,0.0%,0.0%,0.0%,100.0%,0.0%,0.0%,0.0%,0.0%,0.0%,0.0%,0.0%,0.0%,0.0%,0.0%,0.0%,0.0%,0.0%,0.0%
白馬窯業股份有限公司,100.0%,0.0%,0.0%,0.0%,0.0%,0.0%,0.0%,0.0%,0.0%,0.0%,100.0%,0.0%,0.0%,0.0%,0.0%,0.0%,0.0%,0.0%,0.0%
三洋窯業股份有限公司,100.0%,0.0%,0.0%,0.0%,0.0%,0.0%,0.0%,0.0%,0.0%,0.0%,0.0%,0.0%,0.0%,0.0%,100.0%,0.0%,0.0%,0.0%,0.0%
台灣半導體股份有限公司,100.0%,0.0%,0.0%,0.0%,0.0%,100.0%,0.0%,0.0%,0.0%,0.0%,0.0%,0.0%,0.0%,0.0%,0.0%,0.0%,0.0%,0.0%,0.0%
中興紡織廠股份有限公司,100.0%,0.0%,0.0%,0.0%,0.0%,0.0%,0.0%,0.0%,0.0%,0.0%,100.0%,0.0%,0.0%,0.0%,0.0%,0.0%,0.0%,0.0%,0.0%
和友紡織股份有限公司,100.0%,0.0%,0.0%,0.0%,0.0%,0.0%,0.0%,0.0%,0.0%,0.0%,100.0%,0.0%,0.0%,0.0%,0.0%,0.0%,0.0%,0.0%,0.0%
華新麗華股份有限公司,100.0%,27.5%,0.0%,72.5%,0.0%,0.0%,0.0%,0.0%,0.0%,0.0%,0.0%,0.0%,0.0%,0.0%,0.0%,0.0%,0.0%,0.0%,0.0%
台灣湯淺電池股份有限公司,100.0%,0.0%,0.0%,0.0%,0.0%,100.0%,0.0%,0.0%,0.0%,0.0%,0.0%,0.0%,0.0%,0.0%,0.0%,0.0%,0.0%,0.0%,0.0%
台灣卜蜂企業股份有限公司,100.0%,0.0%,0.0%,0.0%,0.0%,0.0%,0.0%,100.0%,0.0%,0.0%,0.0%,0.0%,0.0%,0.0%,0.0%,0.0%,0.0%,0.0%,0.0%
國聯矽業化學股份有限公司,100.0%,0.0%,0.0%,0.0%,0.0%,0.0%,0.0%,0.0%,0.0%,0.0%,100.0%,0.0%,0.0%,0.0%,0.0%,0.0%,0.0%,0.0%,0.0%
台硝股份有限公司,100.0%,0.0%,0.0%,0.0%,0.0%,0.0%,0.0%,0.0%,0.0%,0.0%,100.0%,0.0%,0.0%,0.0%,0.0%,0.0%,0.0%,0.0%,0.0%
台灣通用器材股份有限公司,100.0%,0.0%,0.0%,0.0%,0.0%,0.0%,0.0%,0.0%,0.0%,0.0%,0.0%,0.0%,0.0%,0.0%,100.0%,0.0%,0.0%,0.0%,0.0%
李長榮化學工業股份有限公司,100.0%,0.0%,0.0%,0.0%,0.0%,0.0%,0.0%,0.0%,0.0%,0.0%,0.0%,100.0%,0.0%,0.0%,0.0%,0.0%,0.0%,0.0%,0.0%
幸福水泥股份有限公司,100.0%,0.0%,0.0%,0.0%,0.0%,100.0%,0.0%,0.0%,0.0%,0.0%,0.0%,0.0%,0.0%,0.0%,0.0%,0.0%,0.0%,0.0%,0.0%
羅東鋼鐵廠股份有限公司,100.0%,0.0%,0.0%,0.0%,0.0%,100.0%,0.0%,0.0%,0.0%,0.0%,0.0%,0.0%,0.0%,0.0%,0.0%,0.0%,0.0%,0.0%,0.0%
林園先進材料科技股份有限公司,100.0%,0.0%,0.0%,0.0%,0.0%,0.0%,0.0%,0.0%,0.0%,0.0%,0.0%,100.0%,0.0%,0.0%,0.0%,0.0%,0.0%,0.0%,0.0%
台灣普利司通股份有限公司,100.0%,0.0%,0.0%,0.0%,0.0%,0.0%,0.0%,0.0%,0.0%,0.0%,0.0%,0.0%,0.0%,0.0%,0.0%,0.0%,100.0%,0.0%,0.0%
集盛實業股份有限公司,100.0%,0.0%,0.0%,0.0%,0.0%,0.0%,0.0%,0.0%,0.0%,0.0%,100.0%,0.0%,0.0%,0.0%,0.0%,0.0%,0.0%,0.0%,0.0%
敬鵬工業股份有限公司,100.0%,0.0%,0.0%,0.0%,0.0%,0.0%,0.0%,0.0%,0.0%,0.0%,100.0%,0.0%,0.0%,0.0%,0.0%,0.0%,0.0%,0.0%,0.0%
六和機械股份有限公司,100.0%,0.0%,0.0%,0.0%,0.0%,0.0%,0.0%,0.0%,0.0%,0.0%,100.0%,0.0%,0.0%,0.0%,0.0%,0.0%,0.0%,0.0%,0.0%
台灣華可貴股份有限公司,100.0%,0.0%,0.0%,0.0%,0.0%,0.0%,0.0%,0.0%,0.0%,0.0%,100.0%,0.0%,0.0%,0.0%,0.0%,0.0%,0.0%,0.0%,0.0%
名佳利金屬工業股份有限公司,100.0%,0.0%,0.0%,0.0%,0.0%,0.0%,0.0%,0.0%,0.0%,0.0%,100.0%,0.0%,0.0%,0.0%,0.0%,0.0%,0.0%,0.0%,0.0%
大享容器工業股份有限公司,100.0%,0.0%,0.0%,0.0%,0.0%,0.0%,0.0%,0.0%,0.0%,0.0%,0.0%,0.0%,0.0%,0.0%,0.0%,0.0%,100.0%,0.0%,0.0%
華夏玻璃股份有限公司,100.0%,0.0%,0.0%,0.0%,0.0%,0.0%,0.0%,0.0%,0.0%,0.0%,0.0%,0.0%,0.0%,0.0%,0.0%,100.0%,0.0%,0.0%,0.0%
聯華電子股份有限公司,100.0%,0.0%,0.0%,55.5%,0.0%,0.0%,0.0%,0.0%,0.0%,0.0%,0.0%,0.0%,0.0%,0.0%,0.0%,38.8%,5.7%,0.0%,0.0%
台亞半導體股份有限公司,100.0%,0.0%,0.0%,0.0%,0.0%,0.0%,0.0%,0.0%,0.0%,0.0%,0.0%,0.0%,0.0%,0.0%,0.0%,100.0%,0.0%,0.0%,0.0%
冠軍建材股份有限公司,100.0%,0.0%,0.0%,0.0%,0.0%,0.0%,0.0%,0.0%,0.0%,100.0%,0.0%,0.0%,0.0%,0.0%,0.0%,0.0%,0.0%,0.0%,0.0%
廣源造紙股份有限公司,100.0%,100.0%,0.0%,0.0%,0.0%,0.0%,0.0%,0.0%,0.0%,0.0%,0.0%,0.0%,0.0%,0.0%,0.0%,0.0%,0.0%,0.0%,0.0%
盧森堡商達爾國際股份有限公司,100.0%,0.0%,0.0%,0.0%,0.0%,0.0%,0.0%,0.0%,0.0%,0.0%,0.0%,0.0%,25.5%,0.0%,0.0%,74.5%,0.0%,0.0%,0.0%
和大工業股份有限公司,100.0%,0.0%,0.0%,0.0%,0.0%,0.0%,0.0%,0.0%,0.0%,0.0%,0.0%,0.0%,0.0%,0.0%,0.0%,0.0%,0.0%,100.0%,0.0%
聯穎光電股份有限公司,100.0%,0.0%,0.0%,0.0%,0.0%,0.0%,0.0%,0.0%,0.0%,0.0%,0.0%,0.0%,0.0%,0.0%,0.0%,0.0%,100.0%,0.0%,0.0%
古河銅箔股份有限公司,100.0%,0.0%,0.0%,0.0%,0.0%,0.0%,0.0%,0.0%,0.0%,0.0%,0.0%,0.0%,0.0%,100.0%,0.0%,0.0%,0.0%,0.0%,0.0%
台塑科騰化學有限公司,100.0%,0.0%,0.0%,0.0%,0.0%,0.0%,0.0%,0.0%,0.0%,0.0%,0.0%,0.0%,0.0%,100.0%,0.0%,0.0%,0.0%,0.0%,0.0%
漢磊科技股份有限公司,100.0%,0.0%,0.0%,0.0%,0.0%,0.0%,0.0%,0.0%,0.0%,0.0%,0.0%,0.0%,0.0%,0.0%,0.0%,18.3%,81.7%,0.0%,0.0%
美商蘋果電子股份有限公司,100.0%,0.0%,0.0%,0.0%,0.0%,0.0%,0.0%,0.0%,0.0%,0.0%,100.0%,0.0%,0.0%,0.0%,0.0%,0.0%,0.0%,0.0%,0.0%
東齊染整股份有限公司,100.0%,0.0%,0.0%,0.0%,0.0%,0.0%,0.0%,0.0%,0.0%,0.0%,100.0%,0.0%,0.0%,0.0%,0.0%,0.0%,0.0%,0.0%,0.0%
豐興鋼鐵股份有限公司,100.0%,100.0%,0.0%,0.0%,0.0%,0.0%,0.0%,0.0%,0.0%,0.0%,0.0%,0.0%,0.0%,0.0%,0.0%,0.0%,0.0%,0.0%,0.0%
建順煉鋼股份有限公司,100.0%,0.0%,0.0%,0.0%,0.0%,0.0%,0.0%,0.0%,0.0%,100.0%,0.0%,0.0%,0.0%,0.0%,0.0%,0.0%,0.0%,0.0%,0.0%
矽品精密工業股份有限公司,100.0%,72.3%,0.0%,0.0%,0.0%,0.0%,0.0%,0.0%,0.0%,0.0%,0.0%,0.0%,0.0%,0.0%,0.0%,0.0%,8.0%,0.0%,19.8%
巨大機械工業股份有限公司,100.0%,100.0%,0.0%,0.0%,0.0%,0.0%,0.0%,0.0%,0.0%,0.0%,0.0%,0.0%,0.0%,0.0%,0.0%,0.0%,0.0%,0.0%,0.0%
味丹企業股份有限公司,100.0%,100.0%,0.0%,0.0%,0.0%,0.0%,0.0%,0.0%,0.0%,0.0%,0.0%,0.0%,0.0%,0.0%,0.0%,0.0%,0.0%,0.0%,0.0%
大鐘印染股份有限公司,100.0%,0.0%,0.0%,0.0%,0.0%,0.0%,0.0%,0.0%,0.0%,0.0%,100.0%,0.0%,0.0%,0.0%,0.0%,0.0%,0.0%,0.0%,0.0%
宏全國際股份有限公司,100.0%,100.0%,0.0%,0.0%,0.0%,0.0%,0.0%,0.0%,0.0%,0.0%,0.0%,0.0%,0.0%,0.0%,0.0%,0.0%,0.0%,0.0%,0.0%
台灣化學纖維股份有限公司,100.0%,0.0%,0.0%,0.0%,0.0%,17.6%,0.0%,0.0%,0.0%,0.0%,0.0%,0.0%,0.0%,56.2%,0.0%,0.0%,0.0%,26.0%,0.3%
正新橡膠工業股份有限公司,100.0%,0.0%,0.0%,0.0%,0.0%,0.0%,0.0%,0.0%,0.0%,0.0%,0.0%,0.0%,0.0%,0.0%,0.0%,0.0%,0.0%,0.0%,100.0%
建大工業股份有限公司,100.0%,0.0%,0.0%,0.0%,0.0%,0.0%,0.0%,0.0%,0.0%,0.0%,0.0%,0.0%,0.0%,100.0%,0.0%,0.0%,0.0%,0.0%,0.0%
台灣銅箔股份有限公司,100.0%,0.0%,0.0%,0.0%,0.0%,0.0%,0.0%,100.0%,0.0%,0.0%,0.0%,0.0%,0.0%,0.0%,0.0%,0.0%,0.0%,0.0%,0.0%
奇美實業股份有限公司,100.0%,0.0%,0.0%,100.0%,0.0%,0.0%,0.0%,0.0%,0.0%,0.0%,0.0%,0.0%,0.0%,0.0%,0.0%,0.0%,0.0%,0.0%,0.0%
台南紡織股份有限公司,100.0%,0.0%,0.0%,100.0%,0.0%,0.0%,0.0%,0.0%,0.0%,0.0%,0.0%,0.0%,0.0%,0.0%,0.0%,0.0%,0.0%,0.0%,0.0%
威致鋼鐵工業股份有限公司,100.0%,0.0%,0.0%,100.0%,0.0%,0.0%,0.0%,0.0%,0.0%,0.0%,0.0%,0.0%,0.0%,0.0%,0.0%,0.0%,0.0%,0.0%,0.0%
可成科技股份有限公司,100.0%,0.0%,0.0%,100.0%,0.0%,0.0%,0.0%,0.0%,0.0%,0.0%,0.0%,0.0%,0.0%,0.0%,0.0%,0.0%,0.0%,0.0%,0.0%
台星科股份有限公司,100.0%,0.0%,0.0%,0.0%,0.0%,0.0%,0.0%,0.0%,0.0%,0.0%,0.0%,0.0%,0.0%,0.0%,0.0%,0.0%,100.0%,0.0%,0.0%
艾杰旭顯示玻璃股份有限公司,100.0%,0.0%,0.0%,7.3%,0.0%,0.0%,0.0%,0.0%,0.0%,0.0%,0.0%,0.0%,0.0%,92.7%,0.0%,0.0%,0.0%,0.0%,0.0%
紘楷股份有限公司,100.0%,0.0%,0.0%,0.0%,0.0%,0.0%,0.0%,0.0%,0.0%,0.0%,100.0%,0.0%,0.0%,0.0%,0.0%,0.0%,0.0%,0.0%,0.0%
精金科技股份有限公司,100.0%,0.0%,0.0%,100.0%,0.0%,0.0%,0.0%,0.0%,0.0%,0.0%,0.0%,0.0%,0.0%,0.0%,0.0%,0.0%,0.0%,0.0%,0.0%
欣銓科技股份有限公司,100.0%,0.0%,0.0%,0.0%,0.0%,0.0%,0.0%,0.0%,0.0%,0.0%,0.0%,0.0%,0.0%,0.0%,0.0%,0.0%,100.0%,0.0%,0.0%
穩懋半導體股份有限公司,100.0%,0.0%,0.0%,0.0%,0.0%,0.0%,0.0%,0.0%,0.0%,0.0%,100.0%,0.0%,0.0%,0.0%,0.0%,0.0%,0.0%,0.0%,0.0%
達邁科技股份有限公司,100.0%,0.0%,0.0%,0.0%,0.0%,0.0%,0.0%,0.0%,0.0%,100.0%,0.0%,0.0%,0.0%,0.0%,0.0%,0.0%,0.0%,0.0%,0.0%
安瀚視特股份有限公司,100.0%,0.0%,0.0%,100.0%,0.0%,0.0%,0.0%,0.0%,0.0%,0.0%,0.0%,0.0%,0.0%,0.0%,0.0%,0.0%,0.0%,0.0%,0.0%
景碩科技股份有限公司,100.0%,0.0%,0.0%,0.0%,0.0%,0.0%,0.0%,0.0%,0.0%,0.0%,64.2%,0.0%,0.0%,0.0%,0.0%,0.0%,35.8%,0.0%,0.0%
亞太優勢微系統股份有限公司,100.0%,0.0%,0.0%,0.0%,0.0%,0.0%,0.0%,0.0%,0.0%,0.0%,0.0%,0.0%,0.0%,0.0%,0.0%,0.0%,100.0%,0.0%,0.0%
住華科技股份有限公司,100.0%,0.0%,0.0%,100.0%,0.0%,0.0%,0.0%,0.0%,0.0%,0.0%,0.0%,0.0%,0.0%,0.0%,0.0%,0.0%,0.0%,0.0%,0.0%
統一企業股份有限公司,100.0%,0.0%,0.0%,65.7%,0.0%,0.0%,0.0%,0.0%,0.0%,0.0%,34.3%,0.0%,0.0%,0.0%,0.0%,0.0%,0.0%,0.0%,0.0%
統一實業股份有限公司,100.0%,0.0%,0.0%,100.0%,0.0%,0.0%,0.0%,0.0%,0.0%,0.0%,0.0%,0.0%,0.0%,0.0%,0.0%,0.0%,0.0%,0.0%,0.0%
得力實業股份有限公司,100.0%,0.0%,0.0%,100.0%,0.0%,0.0%,0.0%,0.0%,0.0%,0.0%,0.0%,0.0%,0.0%,0.0%,0.0%,0.0%,0.0%,0.0%,0.0%
東和鋼鐵企業股份有限公司,100.0%,0.0%,0.0%,0.0%,0.0%,0.0%,0.0%,0.0%,0.0%,38.0%,52.6%,9.5%,0.0%,0.0%,0.0%,0.0%,0.0%,0.0%,0.0%
長興材料工業股份有限公司,100.0%,0.0%,0.0%,0.0%,0.0%,0.0%,0.0%,0.0%,0.0%,0.0%,0.0%,100.0%,0.0%,0.0%,0.0%,0.0%,0.0%,0.0%,0.0%
南亞塑膠工業股份有限公司,100.0%,0.0%,0.0%,0.0%,0.0%,0.0%,0.0%,0.0%,0.0%,0.0%,29.8%,0.7%,0.0%,42.8%,4.5%,0.0%,0.0%,22.1%,0.0%
唐榮鐵工廠股份有限公司,100.0%,0.0%,0.0%,0.0%,0.0%,0.0%,0.0%,0.0%,0.0%,0.0%,0.0%,100.0%,0.0%,0.0%,0.0%,0.0%,0.0%,0.0%,0.0%
海光企業股份有限公司,100.0%,0.0%,0.0%,0.0%,0.0%,0.0%,0.0%,0.0%,0.0%,0.0%,0.0%,100.0%,0.0%,0.0%,0.0%,0.0%,0.0%,0.0%,0.0%
漢泰鋼鐵廠股份有限公司,100.0%,0.0%,0.0%,0.0%,0.0%,0.0%,0.0%,0.0%,0.0%,0.0%,0.0%,100.0%,0.0%,0.0%,0.0%,0.0%,0.0%,0.0%,0.0%
台灣塑膠工業股份有限公司,100.0%,0.0%,0.0%,0.0%,0.0%,1.6%,0.0%,0.0%,0.0%,0.0%,0.0%,39.0%,0.0%,56.1%,0.0%,0.0%,0.0%,3.2%,0.0%
燁輝企業股份有限公司,100.0%,0.0%,0.0%,0.0%,0.0%,0.0%,0.0%,0.0%,18.2%,0.0%,0.0%,81.8%,0.0%,0.0%,0.0%,0.0%,0.0%,0.0%,0.0%
勝一化工股份有限公司,100.0%,0.0%,0.0%,0.0%,0.0%,0.0%,0.0%,0.0%,0.0%,0.0%,0.0%,100.0%,0.0%,0.0%,0.0%,0.0%,0.0%,0.0%,0.0%
燁興企業股份有限公司,100.0%,0.0%,0.0%,0.0%,0.0%,0.0%,0.0%,0.0%,0.0%,0.0%,0.0%,100.0%,0.0%,0.0%,0.0%,0.0%,0.0%,0.0%,0.0%
楠梓電子股份有限公司,100.0%,0.0%,0.0%,0.0%,0.0%,0.0%,0.0%,0.0%,0.0%,0.0%,0.0%,100.0%,0.0%,0.0%,0.0%,0.0%,0.0%,0.0%,0.0%
日月光半導體製造股份有限公司,100.0%,0.0%,0.0%,0.0%,0.0%,0.0%,0.0%,0.0%,0.0%,0.0%,44.3%,55.7%,0.0%,0.0%,0.0%,0.0%,0.0%,0.0%,0.0%
協勝發鋼鐵廠股份有限公司,100.0%,0.0%,0.0%,0.0%,0.0%,0.0%,0.0%,0.0%,0.0%,0.0%,0.0%,100.0%,0.0%,0.0%,0.0%,0.0%,0.0%,0.0%,0.0%
盛餘股份有限公司,100.0%,0.0%,0.0%,0.0%,0.0%,0.0%,0.0%,0.0%,0.0%,0.0%,0.0%,100.0%,0.0%,0.0%,0.0%,0.0%,0.0%,0.0%,0.0%
台灣醋酸化學股份有限公司,100.0%,0.0%,0.0%,0.0%,0.0%,0.0%,0.0%,0.0%,0.0%,0.0%,0.0%,0.0%,0.0%,100.0%,0.0%,0.0%,0.0%,0.0%,0.0%
台灣美光晶圓科技股份有限公司,100.0%,0.0%,0.0%,0.0%,0.0%,0.0%,0.0%,0.0%,0.0%,0.0%,100.0%,0.0%,0.0%,0.0%,0.0%,0.0%,0.0%,0.0%,0.0%
慶欣欣鋼鐵股份有限公司,100.0%,0.0%,0.0%,0.0%,0.0%,0.0%,0.0%,0.0%,0.0%,0.0%,0.0%,0.0%,0.0%,0.0%,0.0%,0.0%,0.0%,0.0%,100.0%
連大興有限公司,100.0%,0.0%,0.0%,0.0%,0.0%,0.0%,0.0%,0.0%,0.0%,0.0%,100.0%,0.0%,0.0%,0.0%,0.0%,0.0%,0.0%,0.0%,0.0%
采鈺科技股份有限公司,100.0%,0.0%,0.0%,0.0%,0.0%,0.0%,0.0%,0.0%,0.0%,0.0%,27.0%,0.0%,0.0%,0.0%,0.0%,73.0%,0.0%,0.0%,0.0%
三芳化學工業股份有限公司,100.0%,0.0%,0.0%,0.0%,0.0%,0.0%,0.0%,0.0%,0.0%,0.0%,0.0%,100.0%,0.0%,0.0%,0.0%,0.0%,0.0%,0.0%,0.0%
世界先進積體電路股份有限公司,100.0%,0.0%,0.0%,0.0%,0.0%,0.0%,0.0%,0.0%,0.0%,0.0%,41.0%,0.0%,0.0%,0.0%,0.0%,33.4%,25.7%,0.0%,0.0%
矽格聯測股份有限公司,100.0%,0.0%,0.0%,0.0%,0.0%,0.0%,0.0%,0.0%,0.0%,0.0%,0.0%,0.0%,0.0%,0.0%,0.0%,100.0%,0.0%,0.0%,0.0%
友達光電股份有限公司,100.0%,61.8%,0.0%,1.2%,0.0%,0.0%,0.0%,0.0%,0.0%,0.0%,33.4%,1.3%,0.0%,0.0%,0.0%,2.3%,0.0%,0.0%,0.0%
晶元光電股份有限公司,100.0%,31.2%,0.0%,68.8%,0.0%,0.0%,0.0%,0.0%,0.0%,0.0%,0.0%,0.0%,0.0%,0.0%,0.0%,0.0%,0.0%,0.0%,0.0%
昇陽國際半導體股份有限公司,100.0%,0.0%,0.0%,0.0%,0.0%,0.0%,0.0%,0.0%,0.0%,0.0%,0.0%,0.0%,0.0%,0.0%,0.0%,100.0%,0.0%,0.0%,0.0%
榮剛材料科技股份有限公司,100.0%,0.0%,0.0%,100.0%,0.0%,0.0%,0.0%,0.0%,0.0%,0.0%,0.0%,0.0%,0.0%,0.0%,0.0%,0.0%,0.0%,0.0%,0.0%
翔新企業股份有限公司,100.0%,0.0%,0.0%,0.0%,0.0%,0.0%,0.0%,0.0%,0.0%,0.0%,100.0%,0.0%,0.0%,0.0%,0.0%,0.0%,0.0%,0.0%,0.0%
中龍鋼鐵股份有限公司,100.0%,100.0%,0.0%,0.0%,0.0%,0.0%,0.0%,0.0%,0.0%,0.0%,0.0%,0.0%,0.0%,0.0%,0.0%,0.0%,0.0%,0.0%,0.0%
巧新科技工業股份有限公司,100.0%,0.0%,0.0%,0.0%,0.0%,0.0%,0.0%,0.0%,0.0%,0.0%,0.0%,0.0%,0.0%,100.0%,0.0%,0.0%,0.0%,0.0%,0.0%
龍慶鋼鐵企業股份有限公司,100.0%,0.0%,0.0%,0.0%,0.0%,0.0%,0.0%,0.0%,0.0%,0.0%,0.0%,100.0%,0.0%,0.0%,0.0%,0.0%,0.0%,0.0%,0.0%
高雄塑酯化學工業股份有限公司,100.0%,0.0%,0.0%,0.0%,0.0%,0.0%,0.0%,0.0%,0.0%,0.0%,0.0%,100.0%,0.0%,0.0%,0.0%,0.0%,0.0%,0.0%,0.0%
裕鐵企業股份有限公司,100.0%,0.0%,0.0%,0.0%,0.0%,0.0%,0.0%,0.0%,0.0%,0.0%,0.0%,100.0%,0.0%,0.0%,0.0%,0.0%,0.0%,0.0%,0.0%
中聯資源股份有限公司,100.0%,44.7%,0.0%,0.0%,0.0%,0.0%,0.0%,0.0%,0.0%,0.0%,0.0%,55.3%,0.0%,0.0%,0.0%,0.0%,0.0%,0.0%,0.0%
信昌化學工業股份有限公司,100.0%,0.0%,0.0%,0.0%,0.0%,0.0%,0.0%,0.0%,0.0%,0.0%,0.0%,100.0%,0.0%,0.0%,0.0%,0.0%,0.0%,0.0%,0.0%
台塑石化股份有限公司,100.0%,0.0%,0.0%,0.0%,0.0%,0.0%,0.0%,0.0%,0.0%,0.0%,0.0%,0.0%,0.0%,100.0%,0.0%,0.0%,0.0%,0.0%,0.0%
建榮工業材料股份有限公司,100.0%,0.0%,0.0%,0.0%,0.0%,0.0%,0.0%,0.0%,0.0%,0.0%,100.0%,0.0%,0.0%,0.0%,0.0%,0.0%,0.0%,0.0%,0.0%
潤泰精密材料股份有限公司,100.0%,0.0%,0.0%,0.0%,0.0%,100.0%,0.0%,0.0%,0.0%,0.0%,0.0%,0.0%,0.0%,0.0%,0.0%,0.0%,0.0%,0.0%,0.0%
嘉聯益科技股份有限公司,100.0%,0.0%,0.0%,0.0%,0.0%,0.0%,0.0%,0.0%,0.0%,0.0%,100.0%,0.0%,0.0%,0.0%,0.0%,0.0%,0.0%,0.0%,0.0%
東盟開發實業股份有限公司,100.0%,0.0%,0.0%,100.0%,0.0%,0.0%,0.0%,0.0%,0.0%,0.0%,0.0%,0.0%,0.0%,0.0%,0.0%,0.0%,0.0%,0.0%,0.0%
春雨工廠股份有限公司,100.0%,0.0%,0.0%,0.0%,0.0%,0.0%,0.0%,0.0%,0.0%,0.0%,0.0%,100.0%,0.0%,0.0%,0.0%,0.0%,0.0%,0.0%,0.0%
晉禾企業股份有限公司,100.0%,0.0%,0.0%,0.0%,0.0%,0.0%,0.0%,0.0%,0.0%,0.0%,0.0%,100.0%,0.0%,0.0%,0.0%,0.0%,0.0%,0.0%,0.0%
台灣恩智浦半導體股份有限公司,100.0%,0.0%,0.0%,0.0%,0.0%,0.0%,0.0%,0.0%,0.0%,0.0%,0.0%,100.0%,0.0%,0.0%,0.0%,0.0%,0.0%,0.0%,0.0%
華泰電子股份有限公司,100.0%,0.0%,0.0%,0.0%,0.0%,0.0%,0.0%,0.0%,0.0%,0.0%,0.0%,100.0%,0.0%,0.0%,0.0%,0.0%,0.0%,0.0%,0.0%
東欣實業股份有限公司,100.0%,0.0%,0.0%,0.0%,0.0%,0.0%,0.0%,0.0%,0.0%,0.0%,100.0%,0.0%,0.0%,0.0%,0.0%,0.0%,0.0%,0.0%,0.0%
南亞科技股份有限公司,100.0%,0.0%,0.0%,0.0%,0.0%,0.0%,0.0%,0.0%,0.0%,0.0%,0.0%,0.0%,0.0%,0.0%,100.0%,0.0%,0.0%,0.0%,0.0%
遠東先進纖維股份有限公司,100.0%,0.0%,0.0%,0.0%,0.0%,0.0%,0.0%,0.0%,0.0%,0.0%,100.0%,0.0%,0.0%,0.0%,0.0%,0.0%,0.0%,0.0%,0.0%
台鹽實業股份有限公司,100.0%,0.0%,0.0%,0.0%,0.0%,0.0%,0.0%,0.0%,0.0%,100.0%,0.0%,0.0%,0.0%,0.0%,0.0%,0.0%,0.0%,0.0%,0.0%
台塑勝高科技股份有限公司,100.0%,0.0%,0.0%,0.0%,0.0%,0.0%,0.0%,0.0%,0.0%,0.0%,0.0%,0.0%,0.0%,100.0%,0.0%,0.0%,0.0%,0.0%,0.0%
中聯油脂股份有限公司,100.0%,100.0%,0.0%,0.0%,0.0%,0.0%,0.0%,0.0%,0.0%,0.0%,0.0%,0.0%,0.0%,0.0%,0.0%,0.0%,0.0%,0.0%,0.0%
台灣鋼聯股份有限公司,100.0%,0.0%,0.0%,0.0%,0.0%,0.0%,0.0%,0.0%,0.0%,0.0%,0.0%,0.0%,0.0%,0.0%,0.0%,0.0%,0.0%,0.0%,100.0%
晉瑜企業股份有限公司,100.0%,0.0%,0.0%,0.0%,0.0%,0.0%,0.0%,0.0%,0.0%,0.0%,43.9%,0.0%,0.0%,0.0%,0.0%,0.0%,0.0%,0.0%,56.1%
鴻揚半導體股份有限公司,100.0%,0.0%,0.0%,0.0%,0.0%,0.0%,0.0%,0.0%,0.0%,0.0%,0.0%,0.0%,0.0%,0.0%,0.0%,100.0%,0.0%,0.0%,0.0%
上評資源循環股份有限公司,100.0%,0.0%,0.0%,0.0%,0.0%,0.0%,0.0%,0.0%,0.0%,0.0%,0.0%,0.0%,0.0%,0.0%,0.0%,0.0%,0.0%,100.0%,0.0%
中華紙漿股份有限公司,100.0%,0.0%,21.1%,0.0%,0.0%,0.0%,22.7%,0.0%,0.0%,0.0%,0.0%,56.2%,0.0%,0.0%,0.0%,0.0%,0.0%,0.0%,0.0%
台耀化學股份有限公司,100.0%,0.0%,0.0%,0.0%,0.0%,0.0%,0.0%,0.0%,0.0%,0.0%,100.0%,0.0%,0.0%,0.0%,0.0%,0.0%,0.0%,0.0%,0.0%
中鋼鋁業股份有限公司,100.0%,0.0%,0.0%,0.0%,0.0%,0.0%,0.0%,0.0%,0.0%,0.0%,0.0%,100.0%,0.0%,0.0%,0.0%,0.0%,0.0%,0.0%,0.0%
漢翔航空工業股份有限公司,100.0%,0.0%,0.0%,0.0%,0.0%,0.0%,0.0%,0.0%,0.0%,0.0%,0.0%,100.0%,0.0%,0.0%,0.0%,0.0%,0.0%,0.0%,0.0%
南中石化工業股份有限公司,100.0%,0.0%,0.0%,0.0%,0.0%,0.0%,0.0%,0.0%,0.0%,0.0%,0.0%,0.0%,0.0%,100.0%,0.0%,0.0%,0.0%,0.0%,0.0%
台日古河銅箔股份有限公司,100.0%,0.0%,0.0%,0.0%,0.0%,0.0%,0.0%,0.0%,0.0%,0.0%,0.0%,0.0%,0.0%,100.0%,0.0%,0.0%,0.0%,0.0%,0.0%
李長榮科技股份有限公司,100.0%,0.0%,0.0%,0.0%,0.0%,0.0%,0.0%,0.0%,0.0%,0.0%,0.0%,100.0%,0.0%,0.0%,0.0%,0.0%,0.0%,0.0%,0.0%