年度,管制編號,事業名稱,公司,事業統編,直接排放量(公噸CO2e),能源間接排放量(公噸CO2e),合計排放量(公噸CO2e),工廠排放量佔比,公司總排放量,行業大類排放量,行業大類佔比,縣市別,縣市別排放量,縣市別排放量佔比,行業分類,行業大類,永續報告書有無,是否有報告,報告書收錄連結,報告書／資訊狀態,所屬集團,資訊來源,統編_trim,收錄 ETF
112,S3200688,台灣電力股份有限公司興達發電廠,台灣電力股份有限公司,	03795904,"15,790,316.77","1,059.34","15,791,376.11",16.92%,"93,328,083.64","93,328,083.64",100.00%,高雄市,"29,652,349.64",31.77%,電力供應業,電力業,其他,是,https://drive.google.com/file/d/1eqqeJjCJbS8AjFw9yA7lQqT9208vhJkl/view,電力業歸在不收的範疇,,,03795904
112,P5802421,台塑石化股份有限公司麥寮一廠,台塑石化股份有限公司,86522210,"14,322,859.54",,"14,322,859.54",59.10%,"24,234,494.00","24,234,494.00",100.00%,雲林縣,"24,234,494.00",100.00%,化學原材料製造業,石化業,油電燃氣業,是,https://drive.google.com/file/d/1EwKcxjFdaeNY-y9sLwvdFvOjnQJLN3Nc/view,,,,86522210,"0050, 006204, 006208, 00692, 00731, 00850, 00912, 00921, 009802, 009804"
112,E5600841,中國鋼鐵股份有限公司,中國鋼鐵股份有限公司,30414175,"16,758,851.82","1,155,954.38","17,914,806.19",99.16%,"18,066,406.34","18,066,406.34",100.00%,高雄市,"18,066,406.34",100.00%,鋼鐵製造業,鋼鐵業,鋼鐵工業,是,https://drive.google.com/file/d/1AS3KC3YBSO9RNM06lr4xtQwyQdo1_Pga/view,,,,30414175,"0050, 0057, 006203, 006204, 006208, 00701, 00850, 00896, 00912, 00922, 009804"
112,R9001677,台灣積體電路製造股份有限公司十四廠,台灣積體電路製造股份有限公司,22099131,"173,807.29","736,957.10","910,764.39",7.98%,"11,418,277.62","11,418,277.62",100.00%,台南市,"5,854,438.07",51.27%,半導體製造業,半導體業,半導體業,是,https://drive.google.com/file/d/1FleiXL4lMVc5HURfR81qCKFau8dCuHrW/view,,,,22099131,"0050, 0052, 0053, 0057, 006203, 006204, 006208, 00690, 00692, 00728, 00850, 00881, 00891, 00892, 00894, 00896, 00901, 00904, 00905, 00912, 00913, 00921, 00922, 00923, 00927, 00935, 00938, 009803, 009804, 009808"
112,P5801719,麥寮汽電股份有限公司,麥寮汽電股份有限公司,96975970,"9,440,456.90","2,923.19","9,443,380.10",100.00%,"9,443,380.10","9,443,380.10",100.00%,雲林縣,"9,443,380.10",100.00%,電力供應業,電力業,非屬公開發行,否,,電力業歸在不收的範疇,台塑,https://www.mlmpc.com.tw/j2mpc/zhtw/index.do,96975970
112,L0200633,中龍鋼鐵股份有限公司,中龍鋼鐵股份有限公司,84613756,"9,054,468.02","161,898.04","9,216,366.06",100.00%,"9,216,366.06","9,216,366.06",100.00%,台中市,"9,216,366.06",100.00%,鋼鐵製造業,鋼鐵業,非屬公開發行,是,,永續報告書,,https://www.dragonsteel.com.tw/csr/ov/csr_rep.html,84613756
112,P5801602,台灣塑膠工業股份有限公司麥寮廠,台灣塑膠工業股份有限公司,75708007,"454,469.75","3,670,302.32","4,124,772.08",50.74%,"8,130,027.41","8,130,027.41",100.00%,雲林縣,"4,564,374.31",56.14%,未分類其他化學製品製造業,石化業,塑膠工業,是,https://drive.google.com/file/d/1YfJ680F6NIBjTy79YuXodinfWDPBHGlL/view,,,,75708007,"0050, 0057, 006203, 006204, 006208, 00692, 00896, 00912, 009804"
112,P5802092,台灣化學纖維股份有限公司海豐廠,台灣化學纖維股份有限公司,58650902,"1,239,393.23","1,759,810.47","2,999,203.70",37.38%,"8,022,912.66","8,002,500.26",99.75%,雲林縣,"4,507,874.46",56.19%,化學原材料製造業,石化業,塑膠工業,是,https://drive.google.com/file/d/1SnbG3Jnc7xJkylhn6JnOn9BMAMMZzxjf/view,,,,58650902,"0051, 0057, 006203, 006204, 00692, 00731"
112,U0100258,和平電力股份有限公司和平火力發電廠,和平電力股份有限公司,16096852,"7,995,241.51",1.38,"7,995,242.90",100.00%,"7,995,242.90","7,995,242.90",100.00%,花蓮縣,"7,995,242.90",100.00%,電力供應業,電力業,非屬公開發行,否,,電力業歸在不收的範疇,台泥,https://www.hppc.com.tw/tw/,16096852
112,E5600056,台灣中油股份有限公司煉製事業部大林煉油廠,台灣中油股份有限公司,	03707901,"2,411,792.56","559,977.53","2,971,770.08",45.42%,"6,542,927.09","6,542,927.09",100.00%,高雄市,"4,886,391.26",74.68%,石油及煤製品製造業,石化業,塑膠工業,是,https://drive.google.com/file/d/1tjpUOYXy9fYSl5Y8UGsytpQbhcILVoV2/view,,,,03707901
112,P5801513,南亞塑膠工業股份有限公司麥寮總廠,南亞塑膠工業股份有限公司,75370905,"233,556.92","705,041.93","938,598.84",25.01%,"3,752,539.36","2,988,528.75",79.64%,雲林縣,"1,604,777.62",42.77%,化學原材料製造業,石化業,塑膠工業,是,https://drive.google.com/file/d/1e6lsPm8PIoWTeCMQHfq2VzBwZ78_2549/view,,,,75370905,"0050, 0056, 0057, 006203, 006204, 006208, 00850, 00896, 00912, 00921, 009802, 009804"
112,U0100187,台灣水泥股份有限公司和平分公司和平廠,台灣水泥股份有限公司,11913502,"2,337,377.75","123,081.48","2,460,459.23",67.52%,"3,643,800.26","3,643,800.26",100.00%,花蓮縣,"2,460,459.23",67.52%,水泥及其製品製造業,水泥業,水泥工業,是,https://drive.google.com/file/d/12aLMp8EU5FZFS0iMpflpjnQJykGzkM_X/view,,,,11913502,"0050, 0057, 006203, 006204, 006208, 00692, 00701, 00850, 00896, 00912, 00922, 009804, 009808"
112,U9400115,亞洲水泥股份有限公司花蓮製造廠,亞洲水泥股份有限公司,	03244509,"2,634,141.98","148,714.13","2,782,856.11",100.00%,"2,782,856.11","2,782,856.11",100.00%,花蓮縣,"2,782,856.11",100.00%,水泥及其製品製造業,水泥業,水泥工業,是,https://drive.google.com/file/d/1dFxVpv0zMtepgQQvZ6JhNLpAV2ZA4sPx/view,,,,03244509
112,K6801089,長春石油化學股份有限公司 苗栗廠,長春石油化學股份有限公司,11384806,"651,306.86","70,689.69","721,996.56",29.16%,"2,475,901.51","2,475,901.51",100.00%,苗栗縣,"1,377,247.59",55.63%,未分類其他化學製品製造業,石化業,非屬公開發行,是,,永續報告書,長春,https://ccp.com.tw/ccpweb.nsf/ProfileTW?OpenAgent&ProfileName=CSR,11384806
112,R03A1913,群創光電股份有限公司D廠,群創光電股份有限公司,12800225,"13,676.65","572,230.42","585,907.07",24.28%,"2,412,735.52","2,412,735.52",100.00%,台南市,"1,501,341.56",62.23%,光電材料及元件製造業,光電業,光電業,是,https://drive.google.com/file/d/17lK4QNJ1CZjrb7wszqQB6hPtoho9iLW9/view,,,,12800225,"0051, 0052, 0053, 0057, 006203, 006204, 00733, 00850, 00901, 00905"
112,R0503072,森霸電力股份有限公司,森霸電力股份有限公司,70783499,"2,193,251.41","2,371.20","2,195,622.61",100.00%,"2,195,622.61","2,195,622.61",100.00%,台南市,"2,195,622.61",100.00%,電力供應業,電力業,非屬公開發行,否,,電力業歸在不收的範疇,,https://www.sunbapower.com.tw/csr/#envArea,70783499
112,B2313780,友達光電股份有限公司台中廠,友達光電股份有限公司,84149738,"19,097.41","847,846.82","866,944.23",43.96%,"1,971,912.89","1,971,912.89",100.00%,台中市,"1,218,138.16",61.77%,光電材料及元件製造業,光電業,光電業,是,https://drive.google.com/file/d/1yljuUSRkY1q2n36zbfaZ9jV0cJWnCfJM/view,,,,84149738,"0051, 0052, 0053, 0057, 006203, 006204, 00731, 00850, 00901, 00930, 00943"
112,H4604568,長生電力股份有限公司,長生電力股份有限公司,96933037,"1,887,559.66","1,912.77","1,889,472.43",100.00%,"1,889,472.43","1,889,472.43",100.00%,桃園市,"1,889,472.43",100.00%,電力供應業,電力業,非屬公開發行,否,,電力業歸在不收的範疇,,http://www.everpoweripp.com.tw/annual.html,96933037
112,H4810851,華亞汽電股份有限公司華亞汽電廠,華亞汽電股份有限公司,70783006,"1,748,171.28","17,376.15","1,765,547.43",95.72%,"1,844,407.99","1,844,407.99",100.00%,桃園市,"1,844,407.99",100.00%,電力供應業,電力業,非屬公開發行,否,,電力業歸在不收的範疇,,,70783006
112,Q6907286,嘉惠電力股份有限公司,嘉惠電力股份有限公司,96976990,"1,756,929.01","18,091.32","1,775,020.33",100.00%,"1,775,020.33","1,775,020.33",100.00%,嘉義縣,"1,775,020.33",100.00%,電力供應業,電力業,非屬公開發行,否,,電力業歸在不收的範疇,遠東,http://www.chiahui.com.tw/index.php/oinfo,96976990
112,R0304131,聯華電子股份有限公司Fab12A廠,聯華電子股份有限公司,47217677,"47,738.46","401,583.01","449,321.47",31.42%,"1,430,026.92","1,430,026.92",100.00%,台南市,"794,300.87",55.54%,半導體製造業,半導體業,半導體業,是,https://drive.google.com/file/d/1nJ052z4bHTX2qZYKZFxPJ4bG50-lH4QN/view,,,,47217677,"0050, 0052, 0053, 0056, 0057, 006203, 006204, 006208, 00690, 00692, 00713, 00728, 00731, 00850, 00878, 00881, 00891, 00892, 00896, 00900, 00901, 00904, 00912, 00913, 00915, 00918, 00919, 00922, 00923, 00927, 00929, 00930, 00932, 00934, 00935, 00939, 00940, 00943, 00944, 00946, 00952, 00961, 009802, 009803, 009804, 009808"
112,P5802387,大連化學工業股份有限公司麥寮廠,大連化學工業股份有限公司,12233428,"79,961.33","624,392.57","704,353.91",50.87%,"1,384,650.66","1,384,650.66",100.00%,雲林縣,"704,353.91",50.87%,化學原材料製造業,石化業,非屬公開發行,是,,永續報告書,長春,https://ccp.com.tw/ccpweb.nsf/ProfileTW?OpenAgent&ProfileName=CSR,12233428
112,L9200693,正隆股份有限公司后里分公司,正隆股份有限公司,33085508,"803,581.87","36,273.43","839,855.31",62.76%,"1,338,222.45","1,338,222.45",100.00%,台中市,"839,855.31",62.76%,紙漿、紙及紙板製造業,造紙業,造紙工業,是,https://drive.google.com/file/d/1bFesxY9rXI9-LwXc7LGFm3yOkx8mlyNd/view,,,,33085508,"006204, 00921"
112,L9202099,台灣美光記憶體股份有限公司台中一廠,台灣美光記憶體股份有限公司,28518076,"110,168.50","537,333.60","647,502.10",55.97%,"1,156,889.39","1,156,889.39",100.00%,台中市,"1,156,889.39",100.00%,半導體製造業,半導體業,非屬公開發行,是,,英文報告,美光,https://tw.micron.com/about/sustainability/sustainability-report,28518076
112,S2005081,長春人造樹脂廠股份有限公司大發廠,長春人造樹脂廠股份有限公司,11384708,"10,894.71","379,039.37","389,934.09",33.83%,"1,152,774.41","1,152,774.41",100.00%,高雄市,"851,395.78",73.86%,化學原材料製造業,石化業,非屬公開發行,是,,永續報告書,長春,https://ccp.com.tw/ccpweb.nsf/ProfileTW?OpenAgent&ProfileName=CSR,11384708
112,N1505633,星元電力股份有限公司,星元電力股份有限公司,27945086,"1,074,511.01","2,181.50","1,076,692.51",100.00%,"1,076,692.51","1,076,692.51",100.00%,彰化縣,"1,076,692.51",100.00%,電力供應業,電力業,非屬公開發行,否,,電力業歸在不收的範疇,,https://www.starbuckpower.com.tw/news.php,27945086
112,H4810799,國光電力股份有限公司,國光電力股份有限公司,70833553,"1,063,651.60","1,582.78","1,065,234.37",100.00%,"1,065,234.37","1,065,234.37",100.00%,桃園市,"1,065,234.37",100.00%,電力供應業,電力業,非屬公開發行,否,,電力業歸在不收的範疇,,https://www.kkpc.com.tw/information.php,70833553
112,N1504207,星能電力股份有限公司,星能電力股份有限公司,70783765,"1,035,912.17","2,614.25","1,038,526.42",100.00%,"1,038,526.42","1,038,526.42",100.00%,彰化縣,"1,038,526.42",100.00%,電力供應業,電力業,非屬公開發行,否,,電力業歸在不收的範疇,,https://starenergypower.com.tw/annual_report.php,70783765
112,H4889454,台灣美光晶圓科技股份有限公司一廠,台灣美光晶圓科技股份有限公司,80353271,"61,468.98","472,421.78","533,890.77",54.41%,"981,257.36","981,257.36",100.00%,桃園市,"981,257.36",100.00%,半導體製造業,半導體業,非屬公開發行,是,,英文報告,美光,https://tw.micron.com/about/sustainability/sustainability-report,80353271
112,E5600850,中國石油化學工業開發股份有限公司小港廠,中國石油化學工業開發股份有限公司,	03084741,"508,360.50","115,621.81","623,982.31",73.98%,"843,460.77","816,471.10",96.80%,高雄市,"783,572.47",92.90%,化學原材料製造業,石化業,非屬公開發行,是,,永續報告書,,https://www.cpdc.com.tw/tw/csr_pdf,03084741
112,H53A0675,東和鋼鐵企業股份有限公司桃園廠,東和鋼鐵企業股份有限公司,75280209,"78,056.08","354,241.83","432,297.91",52.58%,"822,114.05","822,114.05",100.00%,桃園市,"432,297.91",52.58%,鋼鐵製造業,鋼鐵業,鋼鐵工業,是,https://drive.google.com/file/d/1luR-dMCmA9cHXYahu7jiwN3ZeMFB8RPL/view,,,,75280209,"0051, 0056, 006204, 00692, 00713, 00731, 00921, 00934, 00936, 00944, 00938"
112,J5601064,新桃電力股份有限公司,新桃電力股份有限公司,16596337,"759,054.23","7,002.94","766,057.17",100.00%,"766,057.17","766,057.17",100.00%,新竹縣,"766,057.17",100.00%,電力供應業,電力業,非屬公開發行,否,,電力業歸在不收的範疇,,https://www.htpc.com.tw/news.html,16596337
112,N1400562,榮成紙業股份有限公司,榮成紙業股份有限公司,34202841,"232,555.03","262,149.96","494,705.00",66.20%,"747,331.29","747,331.29",100.00%,彰化縣,"747,331.29",100.00%,紙漿、紙及紙板製造業,造紙業,造紙工業,是,https://drive.google.com/file/d/1gp2j0AWScTljPcaF4tK5cTYeRDjscW2d/view,,,,34202841
112,S2100223,中華紙漿股份有限公司久堂廠,中華紙漿股份有限公司,94025264,"385,792.01","22,928.29","408,720.30",56.18%,"727,555.62","727,555.62",100.00%,高雄市,"408,720.30",56.18%,紙漿、紙及紙板製造業,造紙業,造紙工業,是,https://drive.google.com/file/d/1svxx5iRm3kCd0XIrqv2jgH1seCEEIBRQ/view,,,,94025264,006204
112,L9200728,豐興鋼鐵股份有限公司,豐興鋼鐵股份有限公司,55389357,"197,345.96","499,394.27","696,740.22",100.00%,"696,740.22","696,740.22",100.00%,台中市,"696,740.22",100.00%,鋼鐵製造業,鋼鐵業,鋼鐵工業,是,https://drive.google.com/file/d/1AFbIQbh8ua4DVNsaIYRR9nFKoB5j50Q1/view,,,,55389357,"006204, 00713"
112,G37A0585,潤泰精密材料股份有限公司宜蘭冬山廠,潤泰精密材料股份有限公司,86871981,"626,513.58","47,822.36","674,335.94",100.00%,"674,335.94","674,335.94",100.00%,宜蘭縣,"674,335.94",100.00%,水泥及其製品製造業,水泥業,其他,是,https://drive.google.com/file/d/1li4epHYsMXWj1Dftr2yt89oA-fIcVbmf/view,,,,86871981
112,H46B0495,世界先進積體電路股份有限公司晶圓三廠,世界先進積體電路股份有限公司,84149358,"58,293.42","200,679.68","258,973.10",40.96%,"632,278.14","632,278.14",100.00%,桃園市,"258,973.10",40.96%,半導體製造業,半導體業,半導體業,是,https://drive.google.com/file/d/14EbAxIbVZHD8cNdDC8DMqi2XqFgQ9KmD/view,,,,84149358,"0057, 006203, 00878, 00881, 00891, 00896, 00900, 00901, 00904, 00913, 00918, 00919, 00927, 00929, 00935, 00936, 00939, 00943, 00944, 00946, 00952, 00961, 00962"
112,H5200215,永豐餘工業用紙股份有限公司新屋廠,永豐餘工業用紙股份有限公司,27719048,"592,228.03","22,735.75","614,963.78",100.00%,"614,963.78","614,963.78",100.00%,桃園市,"614,963.78",100.00%,其他紙製品製造業,造紙業,非屬公開發行,是,https://drive.google.com/file/d/1Xs3TXLsJmD-7YVvWOBC-pkcCwcXlUkNN/view,永續報告書,永豐餘,,27719048
112,G4100017,幸福水泥股份有限公司東澳廠,幸福水泥股份有限公司,40601248,"569,060.22","37,569.29","606,629.51",100.00%,"606,629.51","606,629.51",100.00%,宜蘭縣,"606,629.51",100.00%,水泥及其製品製造業,水泥業,水泥工業,是,https://drive.google.com/file/d/1oiA8s_e_j-RxMXWy9GCfNOa8r0qoypB5/view,,,,40601248
112,E2000554,錦州科技股份有限公司大發廠,錦州科技股份有限公司,53520959,"598,052.38","2,776.08","600,828.46",100.00%,"600,828.46","600,828.46",100.00%,高雄市,"600,828.46",100.00%,蒸汽供應業,電力業,非屬公開發行,否,,電力業歸在不收的範疇,,,53520959
112,N08A1098,台灣玻璃工業股份有限公司鹿港平板廠,台灣玻璃工業股份有限公司,11914002,"107,631.88","14,734.85","122,366.73",20.43%,"598,879.83","598,879.83",100.00%,彰化縣,"229,940.95",38.40%,玻璃及其製品製造業,非金屬製品加工業,玻璃陶瓷,是,https://drive.google.com/file/d/1QrogbVB20kwP0kv64yD-esTahRzO-yyf/view,,,,11914002,"006204, 00918"
112,G3200849,信大水泥股份有限公司南聖湖廠,信大水泥股份有限公司,	03279507,"551,764.81","40,857.11","592,621.92",100.00%,"592,621.92","592,621.92",100.00%,宜蘭縣,"592,621.92",100.00%,水泥及其製品製造業,水泥業,水泥工業,是,https://drive.google.com/file/d/1_1Emqi9ZwPQZSKA3A_SFBjRAU7pl26rI/view,,,,03279507
112,O17M3925,力晶積成電子製造股份有限公司P1/2,力晶積成電子製造股份有限公司,28112667,"21,583.49","278,194.47","299,777.96",51.42%,"582,943.65","582,943.65",100.00%,新竹市,"541,998.52",92.98%,半導體製造業,半導體業,半導體業,是,https://drive.google.com/file/d/12-MSMxSUcNcxYBBK5qo6XXgZqAegG2Fq/view,,,,28112667,"0051, 0052, 0053, 006204, 00904, 00918, 00935"
112,J5700222,遠東新世紀股份有限公司化學纖維總廠,遠東新世紀股份有限公司,	03522600,"267,507.45","117,561.72","385,069.17",67.61%,"569,531.79","552,113.34",96.94%,新竹縣,"402,487.62",70.67%,人造纖維製造業,石化業,紡織纖維,是,https://drive.google.com/file/d/15373R7xPnbyFDB3dT6zLcQpC-fuKwTVp/view,,,,03522600
112,H4702336,大園汽電共生股份有限公司,大園汽電共生股份有限公司,84526079,"564,803.62","1,825.82","566,629.45",100.00%,"566,629.45","566,629.45",100.00%,桃園市,"566,629.45",100.00%,電力供應業,電力業,油電燃氣業,是,https://drive.google.com/file/d/1af01GKpJR1ylu1mv_7RWFYC-EqEeC2Cu/view,電力業歸在不收的範疇,,,84526079
112,B9502212,矽品精密工業股份有限公司中科廠,矽品精密工業股份有限公司,55991080,"5,422.53","205,090.83","210,513.36",37.65%,"559,058.66","559,058.66",100.00%,台中市,"404,053.87",72.27%,半導體製造業,半導體業,非屬公開發行,是,,永續報告書,日月光,https://www.spilglobal.com/zh-TW/Sustainability/Download,55991080
112,D0403385,三福氣體股份有限公司南科分公司南科8廠,三福氣體股份有限公司,11072509,402.38,"217,718.84","218,121.23",39.31%,"554,927.66","554,927.66",100.00%,台南市,"286,098.87",51.56%,化學原材料製造業,石化業,非屬公開發行,是,,永續報告書,,https://www.sfchem.com.tw/zh-hant/page/csr,11072509
112,O1746614,聯亞科技股份有限公司三廠,聯亞科技股份有限公司,22099456,100.28,"213,314.73","213,415.01",38.54%,"553,705.98","553,705.98",100.00%,新竹市,"233,810.32",42.23%,化學原材料製造業,石化業,非屬公開發行,否,,無發行資訊,林德,https://www.linde.com/sustainability/reporting-center,22099456
112,E4906835,日月光半導體製造股份有限公司十一廠,日月光半導體製造股份有限公司,76027628,"6,547.81","57,248.82","63,796.62",11.74%,"543,558.41","543,558.41",100.00%,高雄市,"302,767.35",55.70%,半導體製造業,半導體業,非屬公開發行,是,https://drive.google.com/file/d/1B27JEf3yn0efts4UX38_LikS7c1bUOu6/view,同日月光投控,日月光,,76027628
112,R1002065,奇美實業股份有限公司,奇美實業股份有限公司,68387705,"339,458.55","25,330.55","364,789.11",67.20%,"542,811.13","542,811.13",100.00%,台南市,"542,811.13",100.00%,塑膠及合成橡膠原料製造業,石化業,化學生技醫療,是,https://drive.google.com/file/d/1zBgD4ZMn5BCM_79kTeUSZnE3JdP3nMnw/view,,,,68387705
112,H45C0110,欣興電子股份有限公司楊梅廠,欣興電子股份有限公司,23535435,"3,569.36","68,945.80","72,515.16",13.49%,"537,380.48","537,380.48",100.00%,桃園市,"385,702.88",71.77%,印刷電路板製造業,電子業,電子零組件業,是,https://drive.google.com/file/d/1geDn0fGfdMNUgo79nrKqs179zdfunkzQ/view,,,,23535435,"0051, 0052, 0053, 0057, 006203, 006204, 00692, 00850, 00881, 00901, 00923, 00935"
112,S1601990,燁聯鋼鐵股份有限公司,燁聯鋼鐵股份有限公司,23218395,"190,757.81","294,245.97","485,003.78",100.00%,"485,003.78","485,003.78",100.00%,高雄市,"485,003.78",100.00%,鋼鐵製造業,鋼鐵業,非屬公開發行,否,,無發行資訊,,https://www.yusco.com.tw/SocialDuty.aspx?Page=Sustainable,23218395
112,H4605074,南亞電路板股份有限公司錦興廠,南亞電路板股份有限公司,16096804,"1,611.51","378,822.84","380,434.35",85.90%,"442,870.11","442,870.11",100.00%,桃園市,"380,434.35",85.90%,印刷電路板製造業,電子業,電子零組件業,是,https://drive.google.com/file/d/1pPPP78zPZPEtDVtPajI0vpkNP9AYnY--/view,,,,16096804,"0051, 0052, 0053, 006204, 00850, 00918, 00943, 009802"
112,S2300429,國喬石油化學股份有限公司高雄廠,國喬石油化學股份有限公司,	04212250,"416,998.26","20,354.38","437,352.64",100.00%,"437,352.64","437,352.64",100.00%,高雄市,"437,352.64",100.00%,石油及煤製品製造業,石化業,塑膠工業,是,https://drive.google.com/file/d/1t_zklxSq5zdKHb6OhjIfhfbPwifTb7XG/view,,,,04212250
112,F1606662,南亞科技股份有限公司三廠,南亞科技股份有限公司,89390656,"56,653.82","373,670.30","430,324.12",100.00%,"430,324.12","430,324.12",100.00%,新北市,"430,324.12",100.00%,半導體製造業,半導體業,半導體業,是,https://drive.google.com/file/d/1UGBwZ-DZUA61HNNCgWzbxe2gSsXCG6dv/view,,,,89390656,"0051, 0052, 0053, 006204, 00904, 00918, 00947"
112,B2311535,台灣康寧顯示玻璃股份有限公司,台灣康寧顯示玻璃股份有限公司,	04388145,"37,778.34","309,048.54","346,826.89",82.92%,"418,258.35","418,258.35",100.00%,台中市,"346,826.89",82.92%,其他非金屬礦物製品製造業,非金屬製品加工業,非屬公開發行,是,,英文報告,,https://www.corning.com/worldwide/en/corning-reports/2024-global-impact-report,04388145
112,L91A3247,台灣肥料股份有限公司台中廠,台灣肥料股份有限公司,	03795101,"372,488.83","41,432.07","413,920.90",100.00%,"413,920.90","413,920.90",100.00%,台中市,"413,920.90",100.00%,肥料及氮化合物製造業,石化業,化學工業,是,https://drive.google.com/file/d/16Zy59Qp__AZN673sDMILPWB8ftKogqyg/view,,,,03795101
112,S2300401,中國人造纖維股份有限公司高雄總廠,中國人造纖維股份有限公司,	07066907,"395,245.41","15,411.77","410,657.17",100.00%,"410,657.17","410,657.17",100.00%,高雄市,"410,657.17",100.00%,化學原材料製造業,石化業,化學工業,是,https://drive.google.com/file/d/1xF5GVbgF3aYCy-fk5pTeG2YxsHdq0Zv-/view,,,,07066907
112,H4601227,義芳化學工業股份有限公司桃園廠,義芳化學工業股份有限公司,15395706,"361,544.78","43,349.56","404,894.34",100.00%,"404,894.34","404,894.34",100.00%,桃園市,"404,894.34",100.00%,化學原材料製造業,石化業,非屬公開發行,否,,無發行資訊,義芳,http://www.yeefong.com.tw/about_use.php,15395706
112,L9506056,華邦電子股份有限公司中科廠,華邦電子股份有限公司,22099218,"32,108.58","251,278.93","283,387.51",71.38%,"397,006.76","397,006.76",100.00%,台中市,"283,387.51",71.38%,半導體製造業,半導體業,半導體業,是,https://drive.google.com/file/d/1sW1fwyOGtVRKCQByyGcdIBuoRL7Nm7ch/view,,,,22099218,"0051, 0052, 0053, 006204, 00904, 00918, 00935, 00947"
112,P46A0693,艾杰旭顯示玻璃股份有限公司斗六二廠,艾杰旭顯示玻璃股份有限公司,70584724,"84,684.92","161,486.62","246,171.54",63.28%,"389,005.92","389,005.92",100.00%,雲林縣,"360,796.92",92.75%,玻璃及其製品製造業,非金屬製品加工業,非屬公開發行,否,,無發行資訊,,https://www.agct.com.tw/zh-tw/responsibility/,70584724
112,L91A1845,亞東工業氣體股份有限公司台中分公司,亞東工業氣體股份有限公司,22522453,"6,517.16","70,736.79","77,253.95",21.66%,"356,607.21","356,607.21",100.00%,台中市,"209,758.83",58.82%,化學原材料製造業,石化業,非屬公開發行,是,,外商-待找,,https://tw.airliquide.com/zh,22522453
112,O17A6887,旺宏電子股份有限公司晶圓五廠,旺宏電子股份有限公司,22099548,"55,996.40","151,115.22","207,111.61",58.29%,"355,303.42","355,303.42",100.00%,新竹市,"355,303.42",100.00%,半導體製造業,半導體業,半導體業,是,https://drive.google.com/file/d/1Rt0jkwqWBWNgqQvsFUv0jfFP4OShzh3M/view,,,,22099548,"0053, 006204, 00918, 00935, 00947"
112,N1601229,慶欣欣鋼鐵股份有限公司,慶欣欣鋼鐵股份有限公司,80354671,"136,601.74","215,342.11","351,943.85",100.00%,"351,943.85","351,943.85",100.00%,彰化縣,"351,943.85",100.00%,其他金屬製品製造業,鋼鐵業,非屬公開發行,否,,無發行資訊,台鋼,https://www.tsg-etop.com.tw/about-etop/,80354671
112,S1900578,東聯化學股份有限公司高雄林園廠,東聯化學股份有限公司,14057995,"26,542.06","317,216.83","343,758.89",100.00%,"343,758.89","343,758.89",100.00%,高雄市,"343,758.89",100.00%,化學原材料製造業,石化業,化學工業,是,https://drive.google.com/file/d/1-C2aIecQvoTqs8B6SZLeYnrpAMwh9fS5/view,,,,14057995
112,H53A3580,亞東石化股份有限公司觀音二廠,亞東石化股份有限公司,22318678,"222,833.30","73,229.90","296,063.21",87.50%,"338,342.85","338,342.85",100.00%,桃園市,"338,342.85",100.00%,化學原材料製造業,石化業,非屬公開發行,是,https://drive.google.com/file/d/15373R7xPnbyFDB3dT6zLcQpC-fuKwTVp/view,永續報告書,遠東新,,22318678
112,R9702160,台灣汽電共生股份有限公司官田廠,台灣汽電共生股份有限公司,86685142,"336,811.82",357.66,"337,169.48",100.00%,"337,169.48","337,169.48",100.00%,台南市,"337,169.48",100.00%,電力供應業,電力業,油電燃氣業,是,https://drive.google.com/file/d/1sqfMSkZTCSrKheCFRT5UneT6sHkpmajU/view,電力業歸在不收的範疇,,,86685142,"006204, 00692"
112,J59A7436,力成科技股份有限公司3C廠,力成科技股份有限公司,16082267,"2,248.73","73,957.30","76,206.04",24.87%,"306,448.34","262,250.24",85.58%,新竹縣,"265,913.91",86.77%,半導體製造業,半導體業,半導體業,是,https://drive.google.com/file/d/10emPhUCZDoZmHhlMoeA97xC0AKpD5dCb/view,,,,16082267,"0051, 0052, 0053, 0056, 006204, 00713, 00733, 00850, 00881, 00891, 00904, 00905, 00913, 00918, 00919, 00927, 00929, 00932, 00934, 00935, 00936, 00939, 00940, 00943, 00944, 00946, 00961"
112,R8500582,華新麗華股份有限公司鹽水廠,華新麗華股份有限公司,35412204,"82,120.05","130,952.73","213,072.78",72.54%,"293,729.54","293,729.54",100.00%,台南市,"213,072.78",72.54%,鋼鐵製造業,鋼鐵業,電器電纜,是,https://drive.google.com/file/d/1Xyq3nrMN2EeALWnttyXYlGtu_9P0F7jO/view,,,,35412204,"0051, 006204, 00692, 00850, 00896, 00901, 00918"
112,H5100952,新光合成纖維股份有限公司中壢廠,新光合成纖維股份有限公司,	07435515,"92,771.26","150,351.44","243,122.69",84.66%,"287,173.16","287,173.16",100.00%,桃園市,"287,173.16",100.00%,紡紗業,紡織業,紡織纖維,是,https://drive.google.com/file/d/1JDQ4w9c02t2HZ-AHcy6m0uKBLI4Ca4iw/view,,,,07435515
112,K7195124,京元電子股份有限公司竹南分公司中華廠,京元電子股份有限公司,22507241,"3,983.24","206,898.73","210,881.97",75.28%,"280,120.09","280,120.09",100.00%,苗栗縣,"280,120.09",100.00%,半導體製造業,半導體業,半導體業,是,https://drive.google.com/file/d/1UnKL-7Rt8T3wmUhv6T6VRFR-Q_rju0jQ/view,,,,22507241,"0051, 0052, 0053, 0056, 006204, 00690, 00850, 00881, 00891, 00896, 00904, 00913, 00918, 00927, 00929, 00935, 00939, 00962, 009803"
112,E5600332,協勝發鋼鐵廠股份有限公司,協勝發鋼鐵廠股份有限公司,79254702,"83,797.40","190,747.73","274,545.14",100.00%,"274,545.14","274,545.14",100.00%,高雄市,"274,545.14",100.00%,鋼鐵製造業,鋼鐵業,非屬公開發行,否,,只出到2023年,,http://www.ssf-steel.com.tw/,79254702
112,R0305156,瀚宇彩晶股份有限公司南科TFT-LCD三廠,瀚宇彩晶股份有限公司,16450500,"15,534.45","212,868.17","228,402.62",85.92%,"265,839.99","265,839.99",100.00%,台南市,"265,839.99",100.00%,光電材料及元件製造業,光電業,光電業,是,https://drive.google.com/file/d/176WAUO9KAhRQ06Vm1XmrTDQxVYzWXMxJ/view,,,,16450500,006204
112,S1602102,中鴻鋼鐵股份有限公司熱軋廠,中鴻鋼鐵股份有限公司,	07838854,"132,159.33","101,533.58","233,692.91",89.66%,"260,634.45","260,634.45",100.00%,高雄市,"260,634.45",100.00%,鋼鐵製造業,鋼鐵業,鋼鐵工業,是,https://drive.google.com/file/d/1orthyboY-WUTBc3ESiKvGCiwfg6VnStK/view,,,,07838854
112,R9701341,威致鋼鐵工業股份有限公司官田廠,威致鋼鐵工業股份有限公司,69771636,"86,682.61","162,234.34","248,916.95",100.00%,"248,916.95","248,916.95",100.00%,台南市,"248,916.95",100.00%,鋼鐵製造業,鋼鐵業,鋼鐵工業,是,https://drive.google.com/file/d/1SvpXxxXoKNQM5tyHmYhMd4E5pOWoXqn2/view,,,,69771636
112,H5205514,景碩科技股份有限公司清華一廠,景碩科技股份有限公司,70785139,"4,661.41","85,725.40","90,386.81",38.18%,"236,714.85","236,714.85",100.00%,桃園市,"152,000.76",64.21%,印刷電路板製造業,電子業,半導體業,是,https://drive.google.com/file/d/1hZ7lWJjmCYSBJu0VF_fan64H22lnkrxm/view,,,,70785139,"0053, 006204, 00918, 00935, 009802"
112,E1902497,林園先進材料科技股份有限公司,林園先進材料科技股份有限公司,42818882,"204,778.65","26,068.95","230,847.60",100.00%,"230,847.60","230,847.60",100.00%,高雄市,"230,847.60",100.00%,石油及煤製品製造業,石化業,非屬公開發行,是,https://drive.google.com/file/d/1HEDymeL2rcECv--rDyp22qUdx5yCSweW/view,永續報告書,國際中橡,,42818882
112,P5801871,台塑勝高科技股份有限公司麥寮矽晶圓廠,台塑勝高科技股份有限公司,89406518,"5,871.80","223,231.51","229,103.31",100.00%,"229,103.31","229,103.31",100.00%,雲林縣,"229,103.31",100.00%,半導體製造業,半導體業,半導體業,是,https://drive.google.com/file/d/1GN121xBlvj_9gtiOuzIt9Fz--MbT9o8T/view,,,,89406518,"0053, 006204, 00692, 00850, 00918, 00943, 00944"
112,J6300860,南茂科技股份有限公司竹科一廠,南茂科技股份有限公司,16130042,566.15,"47,481.70","48,047.85",21.36%,"224,959.77","224,959.77",100.00%,新竹縣,"114,199.78",50.76%,半導體製造業,半導體業,半導體業,是,https://drive.google.com/file/d/1H-xaogD5PsqfHV5Zvv-9m-Bs7a9A87H0/view,,,,16130042,"0053, 006204, 00943, 00944, 00962"
112,H49A2429,凌巨科技股份有限公司八德廠,凌巨科技股份有限公司,16432742,"141,543.88","83,378.99","224,922.87",100.00%,"224,922.87","224,922.87",100.00%,桃園市,"224,922.87",100.00%,光電材料及元件製造業,光電業,光電業,是,https://drive.google.com/file/d/19MXGzJCUgF9hhq-L5KlLiyceORSoYe7z/view,,,,16432742
112,E5600305,李長榮化學工業股份有限公司高雄廠,李長榮化學工業股份有限公司,39054405,"24,368.18","57,211.81","81,579.99",37.81%,"215,745.08","215,745.08",100.00%,高雄市,"215,745.08",100.00%,化學原材料製造業,石化業,非屬公開發行,是,,永續報告書,,https://www.lcycic.com/zh/sustainability,39054405
112,N2904318,力鵬企業股份有限公司彰化尼龍總廠,力鵬企業股份有限公司,33955322,"69,916.34","60,357.44","130,273.78",62.49%,"208,485.03","130,273.78",62.49%,彰化縣,"130,273.78",62.49%,人造纖維製造業,石化業,紡織纖維,是,https://drive.google.com/file/d/1ZF7xa5935ATCYy1QDuuCK-Om4_M9qkHB/view,,,,33955322
112,S1900658,台灣苯乙烯工業股份有限公司高雄廠,台灣苯乙烯工業股份有限公司,20844865,"174,823.14","25,923.75","200,746.89",100.00%,"200,746.89","200,746.89",100.00%,高雄市,"200,746.89",100.00%,化學原材料製造業,石化業,塑膠工業,是,https://drive.google.com/file/d/1ee9nLytVunzoXG1qBs4iX6TJ18B2N18D/view,,,,20844865
112,R8400827,榮剛材料科技股份有限公司新營廠,榮剛材料科技股份有限公司,84252697,"62,850.05","76,992.73","139,842.79",72.82%,"192,033.58","192,033.58",100.00%,台南市,"192,033.58",100.00%,鋼鐵製造業,鋼鐵業,鋼鐵工業,是,https://drive.google.com/file/d/1jg2eXl4bKsOc0LBPa9SeHkitnko7Y3Zg/view,,,,84252697,"00730, 00915, 00932, 00944"
112,L9101748,中美和石油化學股份有限公司台中廠,中美和石油化學股份有限公司,14040691,"155,795.34","29,438.19","185,233.53",100.00%,"185,233.53","185,233.53",100.00%,台中市,"185,233.53",100.00%,化學原材料製造業,石化業,非屬公開發行,否,,無發行資訊,,http://www.capco.com.tw/default6.htm,14040691
112,E5600501,海光企業股份有限公司,海光企業股份有限公司,75470524,"29,306.89","97,258.42","126,565.31",68.37%,"185,130.89","185,130.89",100.00%,高雄市,"185,130.89",100.00%,鋼鐵製造業,鋼鐵業,鋼鐵工業,是,https://drive.google.com/file/d/1x2WGrSwXDlo2eWoRMh0h5S4o0BGD7lUf/view,,,,75470524
112,R14A1883,易昇鋼鐵股份有限公司,易昇鋼鐵股份有限公司,28098406,"52,436.10","103,211.22","155,647.32",85.78%,"181,447.44","181,447.44",100.00%,台南市,"181,447.44",100.00%,鋼鐵製造業,鋼鐵業,非屬公開發行,否,,無發行資訊,台鋼,https://www.essteel.com.tw/about-ess/,28098406
112,S1900372,台灣氯乙烯工業股份有限公司林園廠,台灣氯乙烯工業股份有限公司,19084015,"121,335.88","55,018.15","176,354.03",100.00%,"176,354.03","176,354.03",100.00%,高雄市,"176,354.03",100.00%,化學原材料製造業,石化業,非屬公開發行,否,,無發行資訊,,https://www.tvcm.com.tw/zh-tw/dirEnv/frmEnv.aspx,19084015
112,E56A2617,尚承鋼鐵股份有限公司,尚承鋼鐵股份有限公司,27208480,"92,727.24","77,861.45","170,588.69",100.00%,"170,588.69","170,588.69",100.00%,高雄市,"170,588.69",100.00%,鋼鐵製造業,鋼鐵業,非屬公開發行,否,,無發行資訊,,http://www.sssteel.com.tw/%E5%B0%9A%E6%89%BFASP/default.asp,27208480
112,B24B8988,大立光電股份有限公司七廠,大立光電股份有限公司,22480876,489.46,"70,346.66","70,836.12",43.12%,"164,275.32","164,275.32",100.00%,台中市,"164,275.32",100.00%,光學儀器及設備製造業,光電業,光電業,是,https://drive.google.com/file/d/1JAjWi9LFxDCwG67vPJmrJKxms8TBdx9B/view,,,,22480876,"0050, 0052, 0053, 0057, 006203, 006204, 006208, 00690, 00728, 00850, 00881, 00901, 00905, 00912, 00921, 00922, 00934, 009803, 009804, 009808"
112,P4600987,福懋興業股份有限公司,福懋興業股份有限公司,14001199,"70,239.06","57,355.54","127,594.61",78.87%,"161,770.50","161,770.50",100.00%,雲林縣,"161,770.50",100.00%,染整業,紡織業,紡織纖維,是,https://drive.google.com/file/d/1rdCLDP_3Ntjx5UWpnjHsXqkjKSWS__5A/view,,,,14001199,"006204, 00850"
112,N2902234,力麗企業股份有限公司彰化化纖總廠,力麗企業股份有限公司,	07663290,"48,275.70","63,742.82","112,018.52",71.47%,"156,729.03","112,018.52",71.47%,彰化縣,"156,729.03",100.00%,人造纖維製造業,石化業,紡織纖維,是,https://drive.google.com/file/d/16OCBScFuZDcvf2pnQ1X1lFexRmBz1eTk/view,,,,07663290
112,Q7100245,台灣必成股份有限公司新港廠,台灣必成股份有限公司,22662355,"40,358.44","114,311.00","154,669.44",100.00%,"154,669.44","154,669.44",100.00%,嘉義縣,"154,669.44",100.00%,玻璃及其製品製造業,非金屬製品加工業,非屬公開發行,否,,無發行資訊,台塑,http://www.pfg.com.tw/j2pfg/zhtw/about#c,22662355
112,P48A0851,富喬工業股份有限公司雲林分公司,富喬工業股份有限公司,16834268,"37,640.07","39,143.77","76,783.84",50.73%,"151,358.74","151,358.74",100.00%,雲林縣,"151,358.74",100.00%,玻璃及其製品製造業,非金屬製品加工業,電子零組件業,是,https://drive.google.com/file/d/1EPoV9YGLbr1aegMcFUsvqUXfVRoSqUxW/view,,,,16834268
112,E5600092,中鋼鋁業股份有限公司,中鋼鋁業股份有限公司,96971313,"54,489.56","93,090.68","147,580.24",100.00%,"147,580.24","147,580.24",100.00%,高雄市,"147,580.24",100.00%,鋁製造業,鋁製造業,非屬公開發行,是,,永續報告書,,https://www.csalu.com.tw/donwload_csr.html,96971313
112,H4601272,華通電腦股份有限公司三廠,華通電腦股份有限公司,	04401392,660.21,"57,888.50","58,548.71",40.25%,"145,462.96","145,462.96",100.00%,桃園市,"145,462.96",100.00%,印刷電路板製造業,電子業,電子零組件業,是,https://drive.google.com/file/d/1q_DsfTvhJkdRal9wZOuiQnBMWcbpxCn_/view,,,,04401392
112,S2500536,燁輝企業股份有限公司高雄一廠,燁輝企業股份有限公司,75947936,"49,540.49","69,390.80","118,931.29",81.82%,"145,362.35","145,362.35",100.00%,高雄市,"118,931.29",81.82%,金屬加工處理業,鋼鐵業,鋼鐵工業,是,https://drive.google.com/file/d/1dfISrbazogslOCjH-7Zfa54YR8zQvKRS/view,,,,75947936,006204
112,J6301090,環球晶圓股份有限公司中德廠,環球晶圓股份有限公司,28113286,"1,531.51","122,507.42","124,038.92",85.43%,"145,193.38","124,038.92",85.43%,新竹縣,"124,038.92",85.43%,半導體製造業,半導體業,半導體業,是,https://drive.google.com/file/d/1fYlbhcBAlrTLJvmhR5PyRx2Plya4HU8k/view,,,,28113286,"0057, 006203, 00891, 00901, 00904, 00913, 00915, 00918, 00927, 00935"
112,H4886999,穩懋半導體股份有限公司華亞二廠,穩懋半導體股份有限公司,70752257,"19,855.76","46,265.80","66,121.57",45.64%,"144,868.65","144,868.65",100.00%,桃園市,"144,868.65",100.00%,半導體製造業,半導體業,半導體業,是,https://drive.google.com/file/d/1TEkzwZLW8P8TP1XCCtgUGcgMgWEYhNIs/view,,,,70752257,"00891, 00901, 00913, 00935, 009802"
112,S2300438,台橡股份有限公司高雄廠,台橡股份有限公司,	03553737,"101,347.44","42,997.72","144,345.17",100.00%,"144,345.17","144,345.17",100.00%,高雄市,"144,345.17",100.00%,塑膠及合成橡膠原料製造業,石化業,橡膠工業,是,https://drive.google.com/file/d/1GB3_VFuCZpmMlNn6JfMrK4S04zKRkOzd/view,,,,03553737
112,G32A0540,羅東鋼鐵廠股份有限公司煉鋼廠,羅東鋼鐵廠股份有限公司,42010509,"38,794.88","105,144.97","143,939.85",100.00%,"143,939.85","143,939.85",100.00%,宜蘭縣,"143,939.85",100.00%,鋼鐵製造業,鋼鐵業,非屬公開發行,否,,無發行資訊,,http://www.ltsteel.tw/about_us/,42010509
112,S2201056,台灣聚合化學品股份有限公司高雄廠,台灣聚合化學品股份有限公司,11917107,"20,983.00","121,408.27","142,391.27",100.00%,"142,391.27","142,391.27",100.00%,高雄市,"142,391.27",100.00%,化學原材料製造業,石化業,塑膠工業,是,https://drive.google.com/file/d/1yvOQnZCMrechA_piRRQgcRTfgMPCBht7/view,,,,11917107
112,S1901066,信昌化學工業股份有限公司林園廠,信昌化學工業股份有限公司,86120031,"96,379.65","42,068.82","138,448.47",100.00%,"138,448.47","138,448.47",100.00%,高雄市,"138,448.47",100.00%,化學原材料製造業,石化業,非屬公開發行,是,,永續報告書,,https://www.tpcc.com.tw/tw/esgReport.html,86120031
112,E5600136,台灣志氯化學股份有限公司?氯廠,台灣志氯化學股份有限公司,22318516,111.53,"136,331.11","136,442.64",100.00%,"136,442.64","136,442.64",100.00%,高雄市,"136,442.64",100.00%,化學原材料製造業,石化業,非屬公開發行,否,,無發行資訊,,https://www.tciwestlake.com.tw/html/about_us.html#2,22318516
112,P5805780,台灣醋酸化學股份有限公司醋酸廠,台灣醋酸化學股份有限公司,80087041,"16,203.87","119,983.09","136,186.96",100.00%,"136,186.96","136,186.96",100.00%,雲林縣,"136,186.96",100.00%,未分類其他化學製品製造業,石化業,非屬公開發行,否,,無發行資訊,台塑,https://www.fpg.com.tw/tw/about/other-company/1,80087041
112,E54A1352,頎邦科技股份有限公司南六廠,頎邦科技股份有限公司,16130009,495.30,"23,937.46","24,432.76",18.03%,"135,476.18","113,014.52",83.42%,高雄市,"46,894.42",34.61%,半導體製造業,半導體業,半導體業,是,https://drive.google.com/file/d/1AoOXY5kcZA_Fu1cB3TMeCMZCpdsmZeT-/view,,,,16130009,"00730, 00891, 00900, 00904, 00913, 00918, 00927, 00929, 00930, 00932, 00934, 00935, 00936, 00940, 00943, 00944, 00946"
112,K7000513,建順煉鋼股份有限公司,建順煉鋼股份有限公司,55695790,"42,299.93","87,285.45","129,585.38",100.00%,"129,585.38","129,585.38",100.00%,苗栗縣,"129,585.38",100.00%,鋼鐵製造業,鋼鐵業,非屬公開發行,否,,無發行資訊,,https://chienshunsteel.com/aboutus/,55695790
112,E5602934,中聯資源股份有限公司臨海廠,中聯資源股份有限公司,86119908,"20,695.62","19,743.87","40,439.49",31.22%,"129,511.28","129,511.28",100.00%,高雄市,"71,675.67",55.34%,其他非金屬礦物製品製造業,非金屬製品加工業,綠能環保,是,https://drive.google.com/file/d/17XTUOcAXulwH52ivEn7A0x6F2CUVJADi/view,,,,86119908,00692
112,O1704812,台灣茂矽電子股份有限公司,台灣茂矽電子股份有限公司,22099110,"80,834.37","45,102.86","125,937.23",100.00%,"125,937.23","125,937.23",100.00%,新竹市,"125,937.23",100.00%,半導體製造業,半導體業,半導體業,是,https://drive.google.com/file/d/1GECiVmnwrwDEnGKlvq5i4ZYIkx6EJyk5/view,,,,22099110
112,R1001791,台南紡織股份有限公司太子廠,台南紡織股份有限公司,68919301,"23,813.18","53,816.76","77,629.94",62.61%,"123,999.30","77,629.94",62.61%,台南市,"123,999.30",100.00%,人造纖維製造業,石化業,紡織纖維,是,https://drive.google.com/file/d/1orOuy4bPk2VYvyK0XzSy5W9mMu7V6M1n/view,,,,68919301
112,E49A6412,台灣福雷電子股份有限公司三廠,台灣福雷電子股份有限公司,22100242,375.60,"61,551.61","61,927.21",52.09%,"118,894.17","61,927.21",52.09%,高雄市,"118,894.17",100.00%,半導體製造業,半導體業,非屬公開發行,是,https://drive.google.com/file/d/1B27JEf3yn0efts4UX38_LikS7c1bUOu6/view,同日月光投控,日月光,,22100242
112,H43C0794,精材科技股份有限公司中壢三廠,精材科技股份有限公司,16741846,839.35,"64,587.34","65,426.69",55.22%,"118,492.83","118,492.83",100.00%,桃園市,"118,492.83",100.00%,其他電子零組件製造業,電子業,半導體業,是,https://drive.google.com/file/d/1u5PNT_4b8SPDCpHxpQ3s3MRUKxwyP1YP/view,,,,16741846,"00891, 00892, 00935"
112,P4602196,福懋科技股份有限公司,福懋科技股份有限公司,23826736,987.86,"111,015.42","112,003.28",100.00%,"112,003.28","112,003.28",100.00%,雲林縣,"112,003.28",100.00%,半導體製造業,半導體業,半導體業,是,https://drive.google.com/file/d/14CoP40eJFb5vgvRlTznWQ8R4rHinvvNI/view,,,,23826736,0053
112,H5304165,集盛實業股份有限公司第三廠,集盛實業股份有限公司,43295237,"8,107.01","41,530.10","49,637.12",44.87%,"110,625.59","110,625.59",100.00%,桃園市,"110,625.59",100.00%,紡紗業,紡織業,紡織纖維,是,https://drive.google.com/file/d/1HKUd3Y7XRwI4TRbDMGbV3auRT1f013yz/view,,,,43295237
112,L8900676,永豐餘消費品實業股份有限公司清水廠,永豐餘消費品實業股份有限公司,22327037,"35,845.76","27,731.66","63,577.42",58.03%,"109,560.84","109,560.84",100.00%,台中市,"63,577.42",58.03%,其他紙製品製造業,造紙業,造紙工業,是,https://drive.google.com/file/d/17j921Ejzg4uVFKGC7z_ubcA3zUVM3gYa/view,,,,22327037
112,S1900596,亞洲聚合股份有限公司 林園廠,亞洲聚合股份有限公司,20747385,"10,187.57","97,777.51","107,965.08",100.00%,"107,965.08","107,965.08",100.00%,高雄市,"107,965.08",100.00%,塑膠及合成橡膠原料製造業,石化業,塑膠工業,是,https://drive.google.com/file/d/1BPsuXyVGlZUJyuUP18eROqPjvYXdpdad/view,,,,20747385
112,K7200933,華夏海灣塑膠股份有限公司頭份總廠,華夏海灣塑膠股份有限公司,11686106,"29,583.74","75,042.86","104,626.60",100.00%,"104,626.60","104,626.60",100.00%,苗栗縣,"104,626.60",100.00%,化學原材料製造業,石化業,塑膠工業,是,https://drive.google.com/file/d/1PaWF70N5heo2XhlqpECW7ASo2DndoeKz/view,,,,11686106
112,P4606818,金居開發股份有限公司斗六二廠,金居開發股份有限公司,16447610,"1,269.06","53,741.86","55,010.92",52.71%,"104,357.19","104,357.19",100.00%,雲林縣,"104,357.19",100.00%,銅製造業,銅製造業,電子零組件業,是,https://drive.google.com/file/d/1FcE_HX0-Y7tE3leycw-KWBfY0IZJ8_3L/view,,,,16447610,00943
112,L8801052,廣源造紙股份有限公司台中廠,廣源造紙股份有限公司,50301500,"68,702.42","35,129.33","103,831.75",100.00%,"103,831.75","103,831.75",100.00%,台中市,"103,831.75",100.00%,紙漿、紙及紙板製造業,造紙業,非屬公開發行,否,,無發行資訊,,https://www.kyp.com.tw/tw/accommodations.html,50301500
112,O1703315,華夏玻璃股份有限公司,華夏玻璃股份有限公司,47109348,"76,030.98","26,120.55","102,151.53",100.00%,"102,151.53","102,151.53",100.00%,新竹市,"102,151.53",100.00%,玻璃及其製品製造業,非金屬製品加工業,非屬公開發行,否,,只出到2023年，而且抓不下來,,https://www.hwahsiaglass.com/tw/esg,47109348
112,K7103046,超豐電子股份有限公司公義廠,超豐電子股份有限公司,	05126366,776.40,"72,423.79","73,200.19",72.47%,"101,002.75","101,002.75",100.00%,苗栗縣,"101,002.75",100.00%,半導體製造業,半導體業,半導體業,是,https://drive.google.com/file/d/1K6aX_HdyvYWO9hQK0-l7NjfsjapQ7v09/view,,,,05126366
112,R9701056,大統益股份有限公司,大統益股份有限公司,20927014,"12,072.14","88,705.19","100,777.33",100.00%,"100,777.33","100,777.33",100.00%,台南市,"100,777.33",100.00%,動植物油脂製造業,食品業,食品工業,是,https://drive.google.com/file/d/1h2nd7iJMwj8ShLybMPh8iVkTkqVRaEAK/view,,,,20927014
112,S2602473,裕鐵企業股份有限公司岡山二廠,裕鐵企業股份有限公司,85978401,"24,470.29","38,470.31","62,940.60",64.42%,"97,696.59","97,696.59",100.00%,高雄市,"97,696.59",100.00%,金屬加工處理業,鋼鐵業,非屬公開發行,否,,無發行資訊,,https://www.ptgroup.com.tw/,85978401
112,H5200617,聯成鋼鐵股份有限公司桃園廠,聯成鋼鐵股份有限公司,22822748,"28,884.62","68,394.89","97,279.52",100.00%,"97,279.52","97,279.52",100.00%,桃園市,"97,279.52",100.00%,鋼鐵製造業,鋼鐵業,非屬公開發行,否,,無發行資訊,,,22822748
112,R0500240,宏遠興業股份有限公司,宏遠興業股份有限公司,22817999,"52,461.53","43,387.87","95,849.40",100.00%,"95,849.40","95,849.40",100.00%,台南市,"95,849.40",100.00%,染整業,紡織業,紡織纖維,是,https://drive.google.com/file/d/1t-cTNQb6GCJiDNlEfmMlEwSSPKy9AB4N/view,,,,22817999
112,M3302600,台灣銅箔股份有限公司,台灣銅箔股份有限公司,61932639,"11,796.82","84,040.47","95,837.29",100.00%,"95,837.29","95,837.29",100.00%,南投縣,"95,837.29",100.00%,銅製造業,銅製造業,非屬公開發行,否,,無發行資訊,,https://www.tcf.com.tw/esg/4/,61932639
112,K8201149,冠軍建材股份有限公司第二廠,冠軍建材股份有限公司,49701774,"61,784.65","26,632.19","88,416.84",100.00%,"88,416.84","88,416.84",100.00%,苗栗縣,"88,416.84",100.00%,耐火、黏土建材及其他陶瓷製品製造業,非金屬製品加工業,玻璃陶瓷,是,https://drive.google.com/file/d/1IN7Wig1r_XXBJZQFO3R1BUy4_TZNXdDe/view,,,,49701774,00921
112,S2300447,高雄塑酯化學工業股份有限公司,高雄塑酯化學工業股份有限公司,85803825,"67,502.81","20,286.69","87,789.50",100.00%,"87,789.50","87,789.50",100.00%,高雄市,"87,789.50",100.00%,化學原材料製造業,石化業,非屬公開發行,否,,無發行資訊,,https://www.kmc.com.tw/en/menupage/74?mainMenuId=60&subMenuId=74,85803825
112,G32A0609,燿華電子股份有限公司宜蘭廠,燿華電子股份有限公司,	05637971,"2,303.11","42,820.86","45,123.98",51.58%,"87,482.71","87,482.71",100.00%,宜蘭縣,"45,123.98",51.58%,印刷電路板製造業,電子業,電子零組件業,是,https://drive.google.com/file/d/1bkY1e7D9TEH2Z4R-iZAVgCDrMS_1QppT/view,,,,05637971
112,E5601197,唐榮鐵工廠股份有限公司,唐榮鐵工廠股份有限公司,75460005,"29,842.39","56,537.88","86,380.27",100.00%,"86,380.27","86,380.27",100.00%,高雄市,"86,380.27",100.00%,鋼鐵製造業,鋼鐵業,鋼鐵工業,是,https://drive.google.com/file/d/1zvVJxU1S9lm5IbkmDcwFqyB2o5MifNqZ/view,,,,75460005
112,S1900694,台灣石化合成股份有限公司林園廠,台灣石化合成股份有限公司,30974253,"46,948.23","37,895.67","84,843.90",100.00%,"84,843.90","84,843.90",100.00%,高雄市,"84,843.90",100.00%,未分類其他化學製品製造業,石化業,非屬公開發行,否,,無發行資訊,台灣石化合成,https://www.tasco.com.tw/tasco-chemical-corp/about-us/environmental,30974253
112,E5601437,中鋼碳素化學股份有限公司,中鋼碳素化學股份有限公司,23221384,"26,047.14","57,646.63","83,693.76",100.00%,"83,693.76","83,693.76",100.00%,高雄市,"83,693.76",100.00%,化學原材料製造業,石化業,化學工業,是,https://drive.google.com/file/d/13O0J3aJboQqgqAb21bkxO4VYB3_ezeCd/view,,,,23221384,"006204, 00896, 00944"
112,H4304929,金像電子股份有限公司中壢廠,金像電子股份有限公司,30955404,"17,955.67","65,303.53","83,259.20",100.00%,"83,259.20","83,259.20",100.00%,桃園市,"83,259.20",100.00%,印刷電路板製造業,電子業,非屬公開發行,是,,永續報告書,,https://www.gce.com.tw/csrreport.html,30955404,"0051, 0052, 0053, 006204, 00881, 00935, 009803"
112,N1607141,台灣鋼聯股份有限公司,台灣鋼聯股份有限公司,89528054,"73,123.37","9,399.67","82,523.04",100.00%,"82,523.04","82,523.04",100.00%,彰化縣,"82,523.04",100.00%,化學原材料製造業,石化業,綠能環保,是,https://drive.google.com/file/d/18t2fUPixeMSPJSPWXmflRYX9sFwC5gCp/view,,,,89528054,00905
112,H4603972,三義化學工業股份有限公司桃園海湖廠,三義化學工業股份有限公司,23827741,"7,409.27","73,274.51","80,683.78",100.00%,"80,683.78","80,683.78",100.00%,桃園市,"80,683.78",100.00%,化學原材料製造業,石化業,非屬公開發行,否,,無發行資訊,義芳,http://www.yeefong.com.tw/about_use.php,23827741
112,N2100552,正新橡膠工業股份有限公司,正新橡膠工業股份有限公司,59504506,"23,511.65","26,832.50","50,344.15",63.29%,"79,551.45","79,551.45",100.00%,彰化縣,"79,551.45",100.00%,橡膠製品製造業,石化業,橡膠工業,是,https://drive.google.com/file/d/16aor70zMMvoSuB-cTC0V5R1WjZuR6rmc/view,,,,59504506,"0051, 0056, 0057, 006203, 006204, 00731, 00850, 00878, 00896, 00900, 00901, 00907, 00918, 00921, 00939, 00944, 00961, 009808"
112,H5001589,艾克爾國際科技股份有限公司龍潭廠,艾克爾國際科技股份有限公司,16631664,"9,097.30","34,570.19","43,667.49",55.83%,"78,213.33","78,213.33",100.00%,桃園市,"43,667.49",55.83%,半導體製造業,半導體業,非屬公開發行,是,,簡中企業責任報告,amkor,https://amkor.com/cn/corporate-responsibility/cr-report/,16631664
112,E56B1498,環球橡膠股份有限公司小港廠,環球橡膠股份有限公司,29058640,"5,666.65","72,197.15","77,863.80",100.00%,"77,863.80","77,863.80",100.00%,高雄市,"77,863.80",100.00%,塑膠及合成橡膠原料製造業,石化業,非屬公開發行,否,,無發行資訊,,,29058640
112,P5802323,南中石化工業股份有限公司乙二醇廠,南中石化工業股份有限公司,97161348,"1,556.64","76,154.99","77,711.63",100.00%,"77,711.63","77,711.63",100.00%,雲林縣,"77,711.63",100.00%,化學原材料製造業,石化業,非屬公開發行,否,,無發行資訊,台塑,https://www.fpg.com.tw/tw/about/other-company/1,97161348
112,R0300384,統一企業股份有限公司新市廠,統一企業股份有限公司,73251209,"20,006.92","30,940.64","50,947.57",65.69%,"77,562.29","77,562.29",100.00%,台南市,"50,947.57",65.69%,乳品製造業,食品業,食品工業,是,https://drive.google.com/file/d/1hLmgizAbKiTzwRHfM5hxtM-UDHofQsdA/view,,,,73251209,"0050, 0056, 0057, 006203, 006204, 006208, 00701, 00713, 00731, 00850, 00878, 00912, 00921, 00922, 00923, 00940, 00944, 009802, 009804, 009808"
112,R03A0658,晶元光電股份有限公司南科一廠,晶元光電股份有限公司,84149786,"7,634.49","25,646.31","33,280.80",43.01%,"77,385.86","77,385.86",100.00%,台南市,"53,212.95",68.76%,光電材料及元件製造業,光電業,非屬公開發行,是,,英文報告,,https://www.ennostar.com/ESG.html,84149786
112,S2000424,台灣寶理塑膠股份有限公司大發廠,台灣寶理塑膠股份有限公司,22853994,"4,724.63","71,835.30","76,559.93",100.00%,"76,559.93","76,559.93",100.00%,高雄市,"76,559.93",100.00%,塑膠及合成橡膠原料製造業,石化業,非屬公開發行,否,,無發行資訊,長春,,22853994
112,R1412418,統一實業股份有限公司二廠,統一實業股份有限公司,73252657,"26,049.85","50,288.73","76,338.59",100.00%,"76,338.59","76,338.59",100.00%,台南市,"76,338.59",100.00%,金屬加工處理業,鋼鐵業,其他,是,https://drive.google.com/file/d/1AWD3Q5ChTKugNsEdq7YfvRupx1-GoopV/view,,,,73252657,"006204, 00944"
112,E4900404,國巨股份有限公司楠梓分公司,國巨股份有限公司,22636630,"3,181.51","43,625.31","46,806.82",62.37%,"75,048.35","75,048.35",100.00%,高雄市,"75,048.35",100.00%,被動電子元件製造業,電子業,電子零組件業,是,https://drive.google.com/file/d/10xna67-La0rCKHtNQACJTjrKzP6-Fz8K/view,,,,22636630,"0050, 0052, 0053, 0057, 006203, 006204, 006208, 00690, 00850, 00894, 00901, 00912, 00918, 00922, 00923, 00934, 00935, 009802, 009803, 009804"
112,E5600565,盛餘股份有限公司,盛餘股份有限公司,79837539,"27,121.56","47,350.66","74,472.23",100.00%,"74,472.23","74,472.23",100.00%,高雄市,"74,472.23",100.00%,金屬加工處理業,鋼鐵業,鋼鐵工業,是,https://drive.google.com/file/d/1MoWq6scEgrlRUW6RQVtU5OAX98IcX0lc/view,,,,79837539
112,J59A5024,晶兆成科技股份有限公司一廠,晶兆成科技股份有限公司,28438025,934.61,"40,753.20","41,687.82",57.83%,"72,087.01","72,087.01",100.00%,新竹縣,"72,087.01",100.00%,半導體製造業,半導體業,非屬公開發行,否,,無發行資訊,,https://terapower.com.tw/tpwwebnew/tw/04csr_tw.html,28438025
112,E4901947,華泰電子股份有限公司企業總部大樓工廠,華泰電子股份有限公司,89004161,258.56,"38,278.28","38,536.84",54.25%,"71,037.46","38,536.84",54.25%,高雄市,"71,037.46",100.00%,其他電子零組件製造業,電子業,半導體業,是,https://drive.google.com/file/d/1vPp0-SYyNgRyQ_gfjA_JgjuXQpiBjk2v/view,,,,89004161,"0053, 006204, 00952"
112,N16A0638,晉瑜企業股份有限公司彰濱廠,晉瑜企業股份有限公司,89939090,"6,651.94","32,505.99","39,157.93",56.12%,"69,771.89","69,771.89",100.00%,彰化縣,"39,157.93",56.12%,水泥及其製品製造業,水泥業,非屬公開發行,否,,無發行資訊,,http://www.advanced-tek.com.tw/ats.web/innovation/green-energy.html,89939090
112,O1700798,元隆電子股份有限公司,元隆電子股份有限公司,22099174,"47,601.84","21,397.75","68,999.59",100.00%,"68,999.59","68,999.59",100.00%,新竹市,"68,999.59",100.00%,半導體製造業,半導體業,非屬公開發行,否,,僅發行年報,,http://www.ampi.com.tw/,22099174
112,S1900283,和益化學工業股份有限公司,和益化學工業股份有限公司,	04312878,"48,830.53","18,822.18","67,652.71",100.00%,"67,652.71","67,652.71",100.00%,高雄市,"67,652.71",100.00%,化學原材料製造業,石化業,化學工業,是,https://drive.google.com/file/d/1Yl70lmkjtCDy-oG_KzwPGLT8rFGLx7T9/view,,,,04312878
112,H4500743,中興紡織廠股份有限公司楊梅化纖廠,中興紡織廠股份有限公司,35082604,"13,514.34","52,024.13","65,538.47",100.00%,"65,538.47","65,538.47",100.00%,桃園市,"65,538.47",100.00%,塑膠及合成橡膠原料製造業,石化業,非屬公開發行,否,,無發行資訊,,http://www.chung-shing.com.tw/html/safe.html,35082604
112,H4601290,台硝股份有限公司桃園廠,台硝股份有限公司,38033305,"47,325.90","16,658.11","63,984.01",100.00%,"63,984.01","63,984.01",100.00%,桃園市,"63,984.01",100.00%,未分類其他化學製品製造業,石化業,非屬公開發行,否,,只出到2020年,,http://www.tnc.com.tw/zh-tw/Report/ReportDownload,38033305
112,H50A1985,合晶科技股份有限公司龍潭廠,合晶科技股份有限公司,16138282,"1,792.07","41,027.10","42,819.17",67.19%,"63,725.82","42,819.17",67.19%,桃園市,"63,725.82",100.00%,半導體製造業,半導體業,半導體業,是,https://drive.google.com/file/d/1RAnE8xhCard5HQWZiBDzr37b8FhEyA6f/view,,,,16138282,00944
112,R0300606,得力實業股份有限公司,得力實業股份有限公司,73686632,"36,913.39","26,393.72","63,307.12",100.00%,"63,307.12","63,307.12",100.00%,台南市,"63,307.12",100.00%,染整業,紡織業,紡織纖維,是,https://drive.google.com/file/d/1yUpSzTYWl01KqRZ8cxJurk8nljh81qhR/view,,,,73686632
112,E4900397,台灣恩智浦半導體股份有限公司,台灣恩智浦半導體股份有限公司,89002500,"1,210.77","61,873.14","63,083.91",100.00%,"63,083.91","63,083.91",100.00%,高雄市,"63,083.91",100.00%,半導體製造業,半導體業,非屬公開發行,是,,簡中企业可持续发展报告,,https://www.nxp.com.cn/company/about-nxp/sustainability:CORP_SOCIAL_RESP,89002500
112,J6300299,漢磊科技股份有限公司研發廠,漢磊科技股份有限公司,54389725,"18,669.13","22,850.46","41,519.60",66.37%,"62,555.19","62,555.19",100.00%,新竹縣,"51,122.05",81.72%,半導體製造業,半導體業,半導體業,是,https://drive.google.com/file/d/1WIMu_XvL6Vm7aPNJzeK6UBVk2yBFmcdc/view,,,,54389725
112,E5600869,台灣糖業股份有限公司小港廠,台灣糖業股份有限公司,	03794905,"59,740.89","2,787.62","62,528.51",100.00%,"62,528.51","62,528.51",100.00%,高雄市,"62,528.51",100.00%,其他食品製造業,食品業,食品工業,是,https://drive.google.com/file/d/1aqSmqK3UVl59laKd7ywE3oUzp6RHSncw/view,,,,03794905
112,P58A1635,台塑科騰化學有限公司,台塑科騰化學有限公司,53667030,"7,782.11","54,215.75","61,997.85",100.00%,"61,997.85","61,997.85",100.00%,雲林縣,"61,997.85",100.00%,塑膠及合成橡膠原料製造業,石化業,非屬公開發行,否,,無發行資訊,台塑,https://www.fpg.com.tw/tw/about/other-company/1,53667030
112,H4406937,新科光電材料股份有限公司桃園廠,新科光電材料股份有限公司,27366467,"9,894.31","50,736.57","60,630.88",100.00%,"60,630.88","60,630.88",100.00%,桃園市,"60,630.88",100.00%,塑膠製品製造業,石化業,非屬公開發行,否,,無發行資訊,新光,,27366467
112,E5600798,龍慶鋼鐵企業股份有限公司,龍慶鋼鐵企業股份有限公司,85793919,"21,852.11","38,331.24","60,183.35",100.00%,"60,183.35","60,183.35",100.00%,高雄市,"60,183.35",100.00%,鋼鐵製造業,鋼鐵業,非屬公開發行,否,,無發行資訊,,http://lcsteel.com.tw/chi/company.php,85793919
112,k8000366,立安東化工股份有限公司三義廠,立安東化工股份有限公司,20939460,"47,834.05","12,239.56","60,073.61",100.00%,"60,073.61","60,073.61",100.00%,苗栗縣,"60,073.61",100.00%,化學原材料製造業,石化業,非屬公開發行,否,,無發行資訊,,https://www.oscsilica.com/m-ehs-tw.htm,20939460
112,S3204695,勝一化工股份有限公司永安二廠,勝一化工股份有限公司,75970680,"27,682.13","5,025.34","32,707.48",55.31%,"59,136.40","59,136.40",100.00%,高雄市,"59,136.40",100.00%,化學原材料製造業,石化業,化學工業,是,https://drive.google.com/file/d/1qGKCc_1OymsOiTRfMvM--auDcQ5WLK0P/view,,,,75970680,006204
112,E5603655,李長榮科技股份有限公司銅箔廠,李長榮科技股份有限公司,97173920,156.00,"58,566.90","58,722.90",100.00%,"58,722.90","58,722.90",100.00%,高雄市,"58,722.90",100.00%,金屬加工處理業,銅製造業,電子零組件業,是,https://drive.google.com/file/d/1VuhAtJBeg5hWj9E6DFb4Vfw97_jGaKat/view,,,,97173920
112,H46B0524,敬鵬工業股份有限公司第二之二廠,敬鵬工業股份有限公司,43816068,"1,972.42","32,238.84","34,211.26",58.57%,"58,414.40","58,414.40",100.00%,桃園市,"58,414.40",100.00%,印刷電路板製造業,電子業,電子零組件業,是,https://drive.google.com/file/d/18BvU443Z2NuzsOevC5CIJe3gJdjVhJ4X/view,,,,43816068,"0053, 00932, 00946"
112,H5301217,先豐通訊股份有限公司觀音廠,先豐通訊股份有限公司,22554807,"15,562.46","42,267.04","57,829.49",100.00%,"57,829.49","57,829.49",100.00%,桃園市,"57,829.49",100.00%,印刷電路板製造業,電子業,非屬公開發行,是,https://drive.google.com/file/d/1Xv9kPb0y6SnE2KedBZVgg1lmAT-qnJ_7/view,永續報告書,臻鼎,,22554807
112,E5402523,華東科技股份有限公司B10廠,華東科技股份有限公司,22101116,462.78,"56,130.27","56,593.06",100.00%,"56,593.06","56,593.06",100.00%,高雄市,"56,593.06",100.00%,半導體製造業,半導體業,半導體業,是,https://drive.google.com/file/d/1aUSVK0MSH16RySuR2YxWOb2pQo9YdKjc/view,,,,22101116,0053
112,P5500191,合眾紙業股份有限公司林內廠,合眾紙業股份有限公司,	04380087,"32,008.49","23,999.25","56,007.74",100.00%,"56,007.74","56,007.74",100.00%,雲林縣,"56,007.74",100.00%,紙漿、紙及紙板製造業,造紙業,非屬公開發行,否,,無發行資訊,,https://www.upcpaper.com/about/%E7%92%B0%E5%AE%89%E8%A1%9B%E7%94%9F-%E8%83%BD%E6%BA%90%E6%94%BF%E7%AD%96,04380087
112,S1900729,聯華氣體工業股份有限公司林園工廠,聯華氣體工業股份有限公司,	05258865,"2,301.56","53,654.33","55,955.89",100.00%,"55,955.89","55,955.89",100.00%,高雄市,"55,955.89",100.00%,化學原材料製造業,石化業,非屬公開發行,否,,無發行資訊,林德,https://www.linde.com/sustainability/reporting-center,05258865
112,E54B0143,華新科技股份有限公司高雄東十五廠,華新科技股份有限公司,19004316,"1,017.25","29,770.22","30,787.47",55.04%,"55,941.60","55,941.60",100.00%,高雄市,"55,941.60",100.00%,被動電子元件製造業,電子業,電子零組件業,是,https://drive.google.com/file/d/1xFhfqUYa5DKOu0A2-7OvwHAVDDwgoB0E/view,,,,19004316,"0053, 006204, 00850, 00935"
112,R9100522,東盟開發實業股份有限公司學甲廠,東盟開發實業股份有限公司,88121697,"23,467.83","32,007.64","55,475.48",100.00%,"55,475.48","55,475.48",100.00%,台南市,"55,475.48",100.00%,鋼鐵製造業,鋼鐵業,鋼鐵工業,是,https://drive.google.com/file/d/186MOV7V9LFK4obLl_3i8_-P5pT0VkZLW/view,,,,88121697
112,H4809607,中環股份有限公司林口三廠,中環股份有限公司,12205020,24.26,"54,670.16","54,694.42",100.00%,"54,694.42","54,694.42",100.00%,桃園市,"54,694.42",100.00%,資料儲存媒體製造業,電子業,光電業,是,https://drive.google.com/file/d/1gfVwd6dORZje_Alc_xWEMfSmmb6w3Dry/view,,,,12205020,00952
112,G3200527,東南實業股份有限公司蘇澳總廠,東南實業股份有限公司,11384405,"46,904.10","7,255.46","54,159.56",100.00%,"54,159.56","54,159.56",100.00%,宜蘭縣,"54,159.56",100.00%,化學原材料製造業,石化業,化學工業,是,https://drive.google.com/file/d/1QnbGe3zgpWEsaNkS35VO5eWANJkaCF5k/view,,,,11384405
112,H4602199,義美食品股份有限公司南崁廠,義美食品股份有限公司,11768704,"21,637.52","32,223.14","53,860.66",100.00%,"53,860.66","53,860.66",100.00%,桃園市,"53,860.66",100.00%,其他食品製造業,食品業,非屬公開發行,否,,無發行資訊,,https://www.imeifoods.com.tw/,11768704
112,O17A0968,新唐科技股份有限公司,新唐科技股份有限公司,28112646,"18,725.68","35,031.35","53,757.02",100.00%,"53,757.02","53,757.02",100.00%,新竹市,"53,757.02",100.00%,半導體製造業,半導體業,半導體業,是,https://drive.google.com/file/d/1K0jH1UKIeuafKalU10T-b-OnZk8YZkGd/view,,,,28112646,"0053, 006204, 00892, 00935, 00947"
112,S1900612,聯成化學科技股份有限公司林園廠,聯成化學科技股份有限公司,	04748660,"37,101.17","14,442.36","51,543.54",100.00%,"51,543.54","51,543.54",100.00%,高雄市,"51,543.54",100.00%,化學原材料製造業,石化業,塑膠工業,是,https://drive.google.com/file/d/17lh3qPretrSeJsZUh_I6txBKRzbfmmf_/view,,,,04748660
112,P4602276,台日古河銅箔股份有限公司,台日古河銅箔股份有限公司,97168665,"2,977.98","48,142.90","51,120.88",100.00%,"51,120.88","51,120.88",100.00%,雲林縣,"51,120.88",100.00%,其他基本金屬製造業,銅製造業,非屬公開發行,否,,無發行資訊,,,97168665
112,S1901002,合興石化工業股份有限公司林園廠,合興石化工業股份有限公司,23531178,"23,591.98","27,132.48","50,724.46",100.00%,"50,724.46","50,724.46",100.00%,高雄市,"50,724.46",100.00%,未分類其他化學製品製造業,石化業,非屬公開發行,否,,無發行資訊,台灣石化合成,https://www.tasco.com.tw/tasco-chemical-corp/about-us/environmental,23531178
112,Q6901613,福隆玻璃纖維股份有限公司,福隆玻璃纖維股份有限公司,22663571,"21,530.80","28,319.14","49,849.95",100.00%,"49,849.95","49,849.95",100.00%,嘉義縣,"49,849.95",100.00%,玻璃及其製品製造業,非金屬製品加工業,非屬公開發行,否,,無發行資訊,日商日東紡集團,,22663571
112,J5700231,大享容器工業股份有限公司,大享容器工業股份有限公司,46007218,"38,377.09","9,748.00","48,125.09",100.00%,"48,125.09","48,125.09",100.00%,新竹縣,"48,125.09",100.00%,玻璃及其製品製造業,非金屬製品加工業,非屬公開發行,否,,無發行資訊,,,46007218
112,F0401403,德州儀器工業股份有限公司,德州儀器工業股份有限公司,33405832,"1,581.51","46,339.18","47,920.69",100.00%,"47,920.69","47,920.69",100.00%,新北市,"47,920.69",100.00%,半導體製造業,半導體業,非屬公開發行,是,,企業公民責任報告,,https://www.ti.com/zh-tw/about-ti/citizenship-community/reporting-disclosures.html,33405832
112,F0500803,台灣通用器材股份有限公司,台灣通用器材股份有限公司,38119936,"3,781.05","44,135.15","47,916.20",100.00%,"47,916.20","47,916.20",100.00%,新北市,"47,916.20",100.00%,半導體製造業,半導體業,非屬公開發行,否,,美商,通用,,38119936
112,L9000666,味丹企業股份有限公司沙鹿第一工廠,味丹企業股份有限公司,56121907,"35,504.87","12,140.13","47,645.00",100.00%,"47,645.00","47,645.00",100.00%,台中市,"47,645.00",100.00%,其他食品製造業,食品業,非屬公開發行,否,,無發行資訊,,https://www.vedan.com.tw/csr/environment,56121907
112,E5601080,漢泰鋼鐵廠股份有限公司,漢泰鋼鐵廠股份有限公司,75688109,"32,352.48","14,637.55","46,990.03",100.00%,"46,990.03","46,990.03",100.00%,高雄市,"46,990.03",100.00%,其他基本金屬製造業,鋼鐵業,非屬公開發行,是,,永續報告書,,https://www.hantai.com.tw/esg/7,75688109
112,J63A1719,聯穎光電股份有限公司竹科廠,聯穎光電股份有限公司,53170263,"11,043.85","35,661.27","46,705.12",100.00%,"46,705.12","46,705.12",100.00%,新竹縣,"46,705.12",100.00%,半導體製造業,半導體業,非屬公開發行,否,,無發行資訊,,,53170263
112,R90A0401,誠美材料科技股份有限公司,誠美材料科技股份有限公司,27790294,"15,468.71","30,914.12","46,382.84",100.00%,"46,382.84","46,382.84",100.00%,台南市,"46,382.84",100.00%,光電材料及元件製造業,光電業,光電業,是,https://drive.google.com/file/d/1-1dKd6spBJ_uXcwSEy1oA--nQwNoBSkJ/view,,,,27790294
112,L8901039,中聯油脂股份有限公司台中港廠,中聯油脂股份有限公司,89480404,"30,735.24","15,541.88","46,277.12",100.00%,"46,277.12","46,277.12",100.00%,台中市,"46,277.12",100.00%,動植物油脂製造業,食品業,非屬公開發行,否,,只出到2023年,,https://www.cuoc.com.tw/tw/company/?aid=36,89480404
112,R0301603,宏捷科技股份有限公司南科大利廠,宏捷科技股份有限公司,16130423,"27,492.14","18,747.10","46,239.24",100.00%,"46,239.24","46,239.24",100.00%,台南市,"46,239.24",100.00%,半導體製造業,半導體業,半導體業,是,https://drive.google.com/file/d/1CGGtm2IC1wGZz_eW4hAEljRydmJ20fIq/view,,,,16130423
112,D9000120,精金科技股份有限公司,精金科技股份有限公司,70750217,"5,308.68","40,331.65","45,640.33",100.00%,"45,640.33","45,640.33",100.00%,台南市,"45,640.33",100.00%,光電材料及元件製造業,光電業,光電業,是,https://drive.google.com/file/d/1HIS9YKLS1DyCm4MVtQpl3lEoasKdU5Mh/view,,,,70750217,0053
112,J5500491,台燿科技股份有限公司,台燿科技股份有限公司,	04226091,"19,987.62","25,476.64","45,464.26",100.00%,"45,464.26","45,464.26",100.00%,新竹縣,"45,464.26",100.00%,印刷電路板製造業,電子業,電子零組件業,是,https://drive.google.com/file/d/1GPnOx9AeUmGjMTorJrWUkiyO5cDxnNa0/view,,,,04226091
112,R90A0689,住華科技股份有限公司南科一廠,住華科技股份有限公司,70848177,"12,894.83","30,920.40","43,815.22",100.00%,"43,815.22","43,815.22",100.00%,台南市,"43,815.22",100.00%,其他電子零組件製造業,電子業,非屬公開發行,否,,只出到2023年,日商住友,https://www.sumika.com.tw/sustainability6-1.htm,70848177
112,L91A2566,藍海氣體工業股份有限公司台中廠,藍海氣體工業股份有限公司,28438186,103.49,"43,478.42","43,581.91",100.00%,"43,581.91","43,581.91",100.00%,台中市,"43,581.91",100.00%,化學原材料製造業,石化業,非屬公開發行,否,,無發行資訊,林德,https://www.linde.com/sustainability/reporting-center,28438186
112,P5802378,台塑旭彈性纖維股份有限公司麥寮廠,台塑旭彈性纖維股份有限公司,16446128,"4,347.63","39,197.09","43,544.72",100.00%,"43,544.72","43,544.72",100.00%,雲林縣,"43,544.72",100.00%,化學原材料製造業,石化業,非屬公開發行,否,,無發行資訊,台塑,https://www.fpg.com.tw/tw/about/other-company/1,16446128
112,J59A4937,元晶太陽能科技股份有限公司新竹廠,元晶太陽能科技股份有限公司,28997300,"7,025.94","36,363.43","43,389.37",100.00%,"43,389.37","43,389.37",100.00%,新竹縣,"43,389.37",100.00%,光電材料及元件製造業,光電業,光電業,是,https://drive.google.com/file/d/1ac54CMK5jLrD4p-qxtqQKxMt6uOapFjN/view,,,,28997300
112,H5302063,日皓造紙工業股份有限公司觀音廠,日皓造紙工業股份有限公司,24001900,"21,702.22","20,393.58","42,095.80",100.00%,"42,095.80","42,095.80",100.00%,桃園市,"42,095.80",100.00%,紙漿、紙及紙板製造業,造紙業,非屬公開發行,否,,無發行資訊,,https://jsp-paper.com.tw/en/cr-s/,24001900
112,H4202215,新隆纖維染整股份有限公司桃園廠,新隆纖維染整股份有限公司,	07472834,"35,121.08","6,942.08","42,063.17",100.00%,"42,063.17","42,063.17",100.00%,桃園市,"42,063.17",100.00%,染整業,紡織業,非屬公開發行,否,,無發行資訊,,,07472834
112,O1749526,采鈺科技股份有限公司,采鈺科技股份有限公司,80601119,"4,229.05","26,418.15","30,647.20",73.02%,"41,970.21","30,647.20",73.02%,新竹市,"30,647.20",73.02%,其他電子零組件製造業,電子業,半導體業,是,https://drive.google.com/file/d/1Xfhoa4_IITZbw4YfoguIwjPwHUBqLgle/view,,,,80601119,"0051, 0052, 006204, 00891, 00904, 00935"
112,P46A0069,巧新科技工業股份有限公司二廠,巧新科技工業股份有限公司,84980915,"10,195.53","31,712.99","41,908.52",100.00%,"41,908.52","41,908.52",100.00%,雲林縣,"41,908.52",100.00%,金屬加工處理業,鋁製造業,汽車工業,是,https://drive.google.com/file/d/1XZ0gNtR4nXIkQrCir7xnviOQgI-VyrA_/view,,,,84980915
112,L02A1943,餘慶堂興業股份有限公司研磨廠,餘慶堂興業股份有限公司,28730458,"17,708.20","23,691.45","41,399.65",100.00%,"41,399.65","41,399.65",100.00%,台中市,"41,399.65",100.00%,水泥及其製品製造業,水泥業,非屬公開發行,否,,網站打不開,,,28730458
112,O17N8209,盧森堡商達爾國際股份有限公司新竹分公司,盧森堡商達爾國際股份有限公司,51158518,"14,365.51","15,861.75","30,227.26",74.48%,"40,586.04","30,227.26",74.48%,新竹市,"30,227.26",74.48%,半導體製造業,半導體業,非屬公開發行,是,,英文報告,,https://www.diodes.com/tw/about/company/sustainability,51158518
112,H4302318,六和機械股份有限公司,六和機械股份有限公司,44528635,"8,041.60","32,296.26","40,337.86",100.00%,"40,337.86","40,337.86",100.00%,桃園市,"40,337.86",100.00%,汽車零件製造業,汽機車業,非屬公開發行,否,,無發行資訊,,https://www.lioho.com/zh-tw/,44528635
112,J59A1389,矽格股份有限公司湖口廠,矽格股份有限公司,23218022,251.69,"40,075.05","40,326.73",100.00%,"40,326.73","40,326.73",100.00%,新竹縣,"40,326.73",100.00%,半導體製造業,半導體業,半導體業,是,https://drive.google.com/file/d/1ad6uVfif0TWdw7T8kRKhvERRowcATNKe/view,,,,23218022,"0053, 006204, 00713, 00905, 00913, 00915, 00927, 00929, 00932, 00939, 00940, 00944, 00946, 00938"
112,H4312305,名佳利金屬工業股份有限公司中壢二廠,名佳利金屬工業股份有限公司,45018531,"3,952.03","18,403.06","22,355.09",55.58%,"40,219.90","40,219.90",100.00%,桃園市,"40,219.90",100.00%,銅製造業,銅製造業,非屬公開發行,否,,無發行資訊,,http://www.minchali.com.tw/vision,45018531
112,D32A6282,聯合再生能源股份有限公司台南廠,聯合再生能源股份有限公司,27763753,713.39,"24,414.67","25,128.06",62.61%,"40,135.27","40,135.27",100.00%,台南市,"25,128.06",62.61%,光電材料及元件製造業,光電業,光電業,是,https://drive.google.com/file/d/1HrWVY6gz9NjUZQW6KY8jugMWcLbl6HAH/view,,,,27763753,0053
112,H48A3353,晶碩光學股份有限公司,晶碩光學股份有限公司,25021158,149.82,"39,809.83","39,959.65",100.00%,"39,959.65","39,959.65",100.00%,桃園市,"39,959.65",100.00%,眼鏡製造業,眼鏡製造業,生技醫療業,是,https://drive.google.com/file/d/1aKhQAznyp8NCNzmBRNDXDokIt82HQv20/view,,,,25021158,"006204, 00692, 00728, 00905"
112,H4501008,萬洲化學股份有限公司楊梅一廠,萬洲化學股份有限公司,	03244705,"26,950.49","12,803.83","39,754.32",100.00%,"39,754.32","39,754.32",100.00%,桃園市,"39,754.32",100.00%,塑膠及合成橡膠原料製造業,石化業,非屬公開發行,否,,無發行資訊,,https://www.achem.com.tw/ESG,03244705
112,J6100762,南港輪胎股份有限公司新豐廠,南港輪胎股份有限公司,11520909,"12,672.30","26,301.15","38,973.45",100.00%,"38,973.45","38,973.45",100.00%,新竹縣,"38,973.45",100.00%,橡膠製品製造業,石化業,橡膠工業,是,https://drive.google.com/file/d/1q_lQQKFMz_6_7jyagsSeP2YOhywRKLj3/view,,,,11520909,006204
112,P4801322,台榮產業股份有限公司雲林廠,台榮產業股份有限公司,	03543210,"24,638.22","14,203.82","38,842.05",100.00%,"38,842.05","38,842.05",100.00%,雲林縣,"38,842.05",100.00%,碾穀、磨粉及澱粉製品製造業,碾穀、磨粉及澱粉製品製造業,食品工業,是,https://drive.google.com/file/d/1rZujctfD8wXti3hZtC-0ZSJ-psxUGgiB/view,,,,03543210
112,H4303235,國瑞汽車股份有限公司中壢工廠,國瑞汽車股份有限公司,12488060,"10,099.27","28,600.10","38,699.37",100.00%,"38,699.37","38,699.37",100.00%,桃園市,"38,699.37",100.00%,車體製造業,汽機車業,非屬公開發行,否,,無發行資訊,,https://www.kuozui.com.tw/responsibility.aspx,12488060
112,S1900630,台達化學工業股份有限公司林園廠,台達化學工業股份有限公司,11893409,"5,510.15","32,782.35","38,292.50",100.00%,"38,292.50","38,292.50",100.00%,高雄市,"38,292.50",100.00%,塑膠及合成橡膠原料製造業,石化業,塑膠工業,是,https://drive.google.com/file/d/1fOtgSdAyCdhyb7KLTOCkh8pAk_Pui7Pz/view,,,,11893409
112,P4607940,上銀科技股份有限公司-雲科廠,上銀科技股份有限公司,23503047,287.40,"37,463.18","37,750.58",100.00%,"37,750.58","37,750.58",100.00%,雲林縣,"37,750.58",100.00%,金屬加工用機械設備製造業,金屬加工用機械設備製造業,電機機械,是,https://drive.google.com/file/d/1EqCIPZLyf37TbPiS56cMiibi3DsEh8z8/view,,,,23503047,"0051, 006204, 00728, 00850, 00896, 00907"
112,M3302762,台灣卜蜂企業股份有限公司南投肉品加工廠,台灣卜蜂企業股份有限公司,36514783,"16,655.32","20,768.55","37,423.87",100.00%,"37,423.87","37,423.87",100.00%,南投縣,"37,423.87",100.00%,肉類加工及保藏業,食品業,食品工業,是,https://drive.google.com/file/d/1N4Stb6kdv3J6CgwjiYlgrivTaPV9aDG5/view,,,,36514783,"00713, 00944"
112,B9200124,友達晶材股份有限公司后里廠,友達晶材股份有限公司,24410807,116.57,"37,030.47","37,147.04",100.00%,"37,147.04","37,147.04",100.00%,台中市,"37,147.04",100.00%,光電材料及元件製造業,光電業,非屬公開發行,是,https://drive.google.com/file/d/1yljuUSRkY1q2n36zbfaZ9jV0cJWnCfJM/view,永續報告書,友達,https://www.auocrystal.com/zh-tw/csr/category/1,24410807
112,K71A1805,達輝光電股份有限公司,達輝光電股份有限公司,28230046,"14,522.21","22,535.49","37,057.70",100.00%,"37,057.70","37,057.70",100.00%,苗栗縣,"37,057.70",100.00%,光電材料及元件製造業,光電業,非屬公開發行,否,,無發行資訊,,https://www.tacbright.com/environmental-safety-policy/,28230046
112,J5901747,三陽工業股份有限公司新竹廠,三陽工業股份有限公司,24004006,"11,424.54","25,533.30","36,957.84",100.00%,"36,957.84","36,957.84",100.00%,新竹縣,"36,957.84",100.00%,機車及其零件製造業,汽機車業,汽車工業,是,https://drive.google.com/file/d/1JBg6wpJ-Wj0lcI3Yjh7WgWL_EB6tyIxO/view,,,,24004006,"0051, 006204, 00701, 00713, 00731, 00915, 00918, 00921, 00944, 00938"
112,N2907551,東隆興業股份有限公司彰化芳苑廠,東隆興業股份有限公司,18770509,643.05,"22,266.52","22,909.57",63.22%,"36,235.44","36,235.44",100.00%,彰化縣,"22,909.57",63.22%,紡紗業,紡織業,紡織纖維,是,https://drive.google.com/file/d/1ifB9fqd1ppMrL1Otu7GzfwEswyaDLk4x/view,,,,18770509
112,D32A0393,安瀚視特股份有限公司台南第二工廠,安瀚視特股份有限公司,70781345,"2,386.08","33,839.40","36,225.47",100.00%,"36,225.47","36,225.47",100.00%,台南市,"36,225.47",100.00%,玻璃及其製品製造業,非金屬製品加工業,非屬公開發行,否,,無發行資訊,,https://www.tw-avanstrate.com/index.html,70781345
112,F0801707,三洋窯業股份有限公司,三洋窯業股份有限公司,34263157,"26,899.48","9,325.14","36,224.62",100.00%,"36,224.62","36,224.62",100.00%,新北市,"36,224.62",100.00%,其他非金屬礦物製品製造業,非金屬製品加工業,非屬公開發行,否,,無發行資訊,,https://stg.com.tw/,34263157
112,B2313762,宏全國際股份有限公司台中二廠,宏全國際股份有限公司,58176511,711.52,"35,246.20","35,957.71",100.00%,"35,957.71","35,957.71",100.00%,台中市,"35,957.71",100.00%,其他金屬製品製造業,鋼鐵業,其他,是,https://drive.google.com/file/d/1svei3Ve0bT1OvvkaT5q7s_cApbZQIAFR/view,,,,58176511,"006204, 00713, 00944, 009802"
112,H4606848,台耀化學股份有限公司蘆竹廠,台耀化學股份有限公司,96922622,"8,307.09","27,042.35","35,349.44",100.00%,"35,349.44","35,349.44",100.00%,桃園市,"35,349.44",100.00%,未分類其他化學製品製造業,石化業,生技醫療業,是,https://drive.google.com/file/d/108hXqA5WjMbuWZEMxRrJpy3z1BMxbfXV/view,,,,96922622
112,O17N6560,鴻揚半導體股份有限公司,鴻揚半導體股份有限公司,90505585,"8,320.13","26,711.55","35,031.68",100.00%,"35,031.68","35,031.68",100.00%,新竹市,"35,031.68",100.00%,半導體製造業,半導體業,非屬公開發行,否,,無發行資訊,,,90505585
112,H4604488,環球水泥股份有限公司海湖石膏板廠,環球水泥股份有限公司,	07568009,"29,385.14","5,460.08","34,845.22",100.00%,"34,845.22","34,845.22",100.00%,桃園市,"34,845.22",100.00%,其他非金屬礦物製品製造業,水泥業,水泥工業,是,https://drive.google.com/file/d/1Anv9QoyM4zfM26dNfBZiZQvnzF_eQXzb/view,,,,07568009
112,E5600930,台灣國際造船股份有限公司,台灣國際造船股份有限公司,	04695235,"12,144.14","22,116.18","34,260.33",100.00%,"34,260.33","34,260.33",100.00%,高雄市,"34,260.33",100.00%,船舶及其零件製造業,造船業,航運業,是,https://drive.google.com/file/d/1ZwX9IMg4HSwkYkEvC6s_guPNMbUjjekG/view,,,,04695235
112,H4600579,大同染整股份有限公司桃園廠,大同染整股份有限公司,	07014916,"27,561.05","6,690.74","34,251.79",100.00%,"34,251.79","34,251.79",100.00%,桃園市,"34,251.79",100.00%,染整業,紡織業,非屬公開發行,否,,無發行資訊,,已關廠,07014916
112,H4701071,科德寶遠東股份有限公司,科德寶遠東股份有限公司,22663158,"3,473.73","30,592.83","34,066.55",100.00%,"34,066.55","34,066.55",100.00%,桃園市,"34,066.55",100.00%,不織布業,紡織業,非屬公開發行,否,,無發行資訊,,,22663158
112,H5300425,錦美紙業股份有限公司觀音廠,錦美紙業股份有限公司,34175598,"22,675.42","11,080.62","33,756.03",100.00%,"33,756.03","33,756.03",100.00%,桃園市,"33,756.03",100.00%,紙漿、紙及紙板製造業,造紙業,非屬公開發行,否,,無發行資訊,,http://www.kpp.com.tw/tw/company.html,34175598
112,R9700353,怡華實業股份有限公司,怡華實業股份有限公司,33144175,"7,880.10","25,850.16","33,730.26",100.00%,"33,730.26","33,730.26",100.00%,台南市,"33,730.26",100.00%,紡紗業,紡織業,建材營造,是,https://drive.google.com/file/d/1SBCVIFNZvf_17oJBogR8h4C1x12SU448/view,,,,33144175
112,S3200955,遠東氣體工業股份有限公司永安工廠,遠東氣體工業股份有限公司,22956507,18.14,"33,395.98","33,414.13",100.00%,"33,414.13","33,414.13",100.00%,高雄市,"33,414.13",100.00%,化學原材料製造業,石化業,非屬公開發行,否,,無發行資訊,林德,https://www.linde.com/sustainability/reporting-center,22956507
112,K72A2838,紡安股份有限公司頭份工廠,紡安股份有限公司,25131486,"8,649.62","24,731.62","33,381.23",100.00%,"33,381.23","33,381.23",100.00%,苗栗縣,"33,381.23",100.00%,紡紗業,紡織業,非屬公開發行,否,,無發行資訊,,https://fungtex.com.tw/,25131486
112,H4602313,環泰企業股份有限公司南崁廠,環泰企業股份有限公司,12529007,"28,149.02","4,620.59","32,769.62",100.00%,"32,769.62","32,769.62",100.00%,桃園市,"32,769.62",100.00%,其他食品製造業,食品業,食品工業,是,https://drive.google.com/file/d/1rbHgX_KH1Xbdxu7zSE6c9ZdiwUR9lfp0/view,,,,12529007
112,K77A0481,達邁科技股份有限公司銅鑼廠,達邁科技股份有限公司,70776899,"12,538.27","19,928.36","32,466.63",100.00%,"32,466.63","32,466.63",100.00%,苗栗縣,"32,466.63",100.00%,其他電子零組件製造業,電子業,電子零組件業,是,https://drive.google.com/file/d/1dVtB0daF7bSU6kWMatZTbDgfbMhIjSK0/view,,,,70776899
112,H4701017,國聯矽業化學股份有限公司,國聯矽業化學股份有限公司,36550632,"19,150.88","12,982.62","32,133.49",100.00%,"32,133.49","32,133.49",100.00%,桃園市,"32,133.49",100.00%,化學原材料製造業,石化業,非屬公開發行,是,,英文報告,,https://www.evonik.com/en/sustainability.html,36550632
112,E1901105,台合科技股份有限公司,台合科技股份有限公司,12691423,"28,380.83","3,619.94","32,000.77",100.00%,"32,000.77","32,000.77",100.00%,高雄市,"32,000.77",100.00%,未分類其他化學製品製造業,石化業,非屬公開發行,否,,無發行資訊,,,12691423
112,J6203071,台星科股份有限公司,台星科股份有限公司,70552666,"3,274.88","28,685.99","31,960.87",100.00%,"31,960.87","31,960.87",100.00%,新竹縣,"31,960.87",100.00%,其他電子零組件製造業,電子業,半導體業,是,https://drive.google.com/file/d/12Yk6N7o_caoewpMBtY4ktQqIfPVsqQmp/view,,,,70552666,00952
112,H4302523,金車股份有限公司中壢廠,金車股份有限公司,	05007903,"16,176.87","15,540.37","31,717.24",100.00%,"31,717.24","31,717.24",100.00%,桃園市,"31,717.24",100.00%,其他食品製造業,食品業,非屬公開發行,否,,無發行資訊,,https://www.kingcar.com.tw/tw/index.aspx,05007903
112,H47A0889,連大興有限公司,連大興有限公司,80445899,"18,379.71","13,063.02","31,442.73",100.00%,"31,442.73","31,442.73",100.00%,桃園市,"31,442.73",100.00%,染整業,紡織業,非屬公開發行,否,,無發行資訊,,,80445899
112,S2900821,長興材料工業股份有限公司路竹廠,長興材料工業股份有限公司,75339004,"13,974.88","17,360.05","31,334.93",100.00%,"31,334.93","31,334.93",100.00%,高雄市,"31,334.93",100.00%,未分類其他化學製品製造業,石化業,化學工業,是,https://drive.google.com/file/d/1whzBbBABYC1z8k0CPM4PrABp6HgRwE2T/view,,,,75339004,"006204, 00701, 00850"
112,H53A6138,東齊染整股份有限公司,東齊染整股份有限公司,54796568,"25,003.95","5,650.37","30,654.32",100.00%,"30,654.32","30,654.32",100.00%,桃園市,"30,654.32",100.00%,染整業,紡織業,非屬公開發行,否,,無發行資訊,,,54796568
112,J5905343,旭德科技股份有限公司,旭德科技股份有限公司,16638110,"2,666.41","27,975.02","30,641.43",100.00%,"30,641.43","30,641.43",100.00%,新竹縣,"30,641.43",100.00%,印刷電路板製造業,電子業,非屬公開發行,否,,無發行資訊,,https://subtron.test.nutsmind.com.tw/tw/csr/182,16638110
112,J5902468,台豐印刷電路工業股份有限公司新竹第一工廠,台豐印刷電路工業股份有限公司,11833698,752.13,"29,849.08","30,601.21",100.00%,"30,601.21","30,601.21",100.00%,新竹縣,"30,601.21",100.00%,印刷電路板製造業,電子業,非屬公開發行,否,,無發行資訊,,https://www.tci.com.tw/autopage/2/2,11833698
112,Q76A0767,曜智實業股份有限公司嘉義廠,曜智實業股份有限公司,12617727,"25,143.77","5,376.84","30,520.60",100.00%,"30,520.60","30,520.60",100.00%,嘉義縣,"30,520.60",100.00%,染整業,紡織業,非屬公開發行,否,,無發行資訊,,,12617727
112,E4900753,楠梓電子股份有限公司二廠,楠梓電子股份有限公司,76026851,738.45,"29,449.51","30,187.97",100.00%,"30,187.97","30,187.97",100.00%,高雄市,"30,187.97",100.00%,印刷電路板製造業,電子業,電子零組件業,是,https://drive.google.com/file/d/15xvdmz3tCRrAbluHvZVwzAJNLzgve-AG/view,,,,76026851
112,H4500850,白馬窯業股份有限公司楊梅廠,白馬窯業股份有限公司,34258318,"20,788.48","9,011.75","29,800.23",100.00%,"29,800.23","29,800.23",100.00%,桃園市,"29,800.23",100.00%,耐火、黏土建材及其他陶瓷製品製造業,非金屬製品加工業,非屬公開發行,否,,無發行資訊,,https://www.whitehorse.com.tw/overview/tw,34258318
112,O1713197,台亞半導體股份有限公司力行廠,台亞半導體股份有限公司,47255947,"2,123.72","27,347.23","29,470.95",100.00%,"29,470.95","29,470.95",100.00%,新竹市,"29,470.95",100.00%,半導體製造業,半導體業,半導體業,是,https://drive.google.com/file/d/12RqOelCJGtq1c3EAVdc9UDFJsiJFEk--/view,,,,47255947,0053
112,J5909010,欣銓科技股份有限公司新工一廠,欣銓科技股份有限公司,70751779,550.01,"28,659.66","29,209.67",100.00%,"29,209.67","29,209.67",100.00%,新竹縣,"29,209.67",100.00%,半導體製造業,半導體業,半導體業,是,https://drive.google.com/file/d/1yhasa21sehoc4NWr9R2tQ2tb8f8emO6N/view,,,,70751779,"00913, 00915, 00927, 00929, 00932, 00935, 00939, 00944, 00946, 00962"
112,R8400372,台灣史谷脫紙業股份有限公司新營廠,台灣史谷脫紙業股份有限公司,11820053,"11,634.67","17,552.81","29,187.48",100.00%,"29,187.48","29,187.48",100.00%,台南市,"29,187.48",100.00%,其他紙製品製造業,造紙業,非屬公開發行,否,,只出到2022年,,https://www.kimberly-clark.com.tw/content/company/SReport.aspx,11820053
112,O1707162,矽格聯測股份有限公司,矽格聯測股份有限公司,84149456,377.16,"28,468.88","28,846.04",100.00%,"28,846.04","28,846.04",100.00%,新竹市,"28,846.04",100.00%,半導體製造業,半導體業,非屬公開發行,否,,無發行資訊,,https://www.sigurd.com.tw/tw/esg-policy#,84149456
112,R1002547,豐年豐和企業股份有限公司上崙一廠,豐年豐和企業股份有限公司,16635562,"22,096.66","6,745.27","28,841.94",100.00%,"28,841.94","28,841.94",100.00%,台南市,"28,841.94",100.00%,動植物油脂製造業,食品業,非屬公開發行,否,,無發行資訊,,https://www.fnfh.com.tw/,16635562
112,S25A0144,欣建工業股份有限公司,欣建工業股份有限公司,28042430,"16,979.25","11,803.83","28,783.08",100.00%,"28,783.08","28,783.08",100.00%,高雄市,"28,783.08",100.00%,鋼鐵製造業,鋼鐵業,非屬公開發行,否,,無發行資訊,,https://www.synn.com.tw/,28042430
112,R9001597,能元科技股份有限公司南科廠,能元科技股份有限公司,16441469,"4,855.45","23,830.30","28,685.76",100.00%,"28,685.76","28,685.76",100.00%,台南市,"28,685.76",100.00%,其他電力設備及配備製造業,電池製造業,非屬公開發行,是,,永續報告書,,https://www.molicel.com/cn/esg/,16441469
112,H50A6777,美商蘋果電子股份有限公司台灣分公司,美商蘋果電子股份有限公司,54393468,"2,830.69","17,305.81","20,136.50",71.20%,"28,279.75","28,279.75",100.00%,桃園市,"28,279.75",100.00%,光電材料及元件製造業,光電業,非屬公開發行,是,,英文報告,,https://www.apple.com/tw/environment/,54393468
112,S1601570,燁興企業股份有限公司軋鋼廠,燁興企業股份有限公司,75992214,"11,895.36","16,193.17","28,088.52",100.00%,"28,088.52","28,088.52",100.00%,高雄市,"28,088.52",100.00%,其他金屬製品製造業,鋼鐵業,鋼鐵工業,是,https://drive.google.com/file/d/1vq9Nr8z_dCwfyXG0zweSfljJwGQOZ5_C/view,,,,75992214
112,J5901854,台灣普利司通股份有限公司新竹工廠,台灣普利司通股份有限公司,43031502,"9,994.90","17,770.72","27,765.63",100.00%,"27,765.63","27,765.63",100.00%,新竹縣,"27,765.63",100.00%,橡膠製品製造業,石化業,非屬公開發行,否,,無發行資訊,,https://www.bridgestone.com.tw/en/why-bridgestone/sustainability,43031502
112,Q68A1602,和大工業股份有限公司嘉義廠,和大工業股份有限公司,52264848,"2,122.81","25,415.71","27,538.52",100.00%,"27,538.52","27,538.52",100.00%,嘉義縣,"27,538.52",100.00%,汽車零件製造業,汽機車業,汽車工業,是,https://drive.google.com/file/d/1fhWhjj5V1xwbrDIfjsG9BFVj-crBVZa-/view,,,,52264848
112,H4895112,廣達電腦股份有限公司總廠,廣達電腦股份有限公司,22822281,942.99,"26,522.66","27,465.66",100.00%,"27,465.66","27,465.66",100.00%,桃園市,"27,465.66",100.00%,電腦及其週邊設備製造業,電子業,電腦及週邊設備業,是,https://drive.google.com/file/d/10czI9jUfLT7fzPLpSi57gGkeUMeI5HOF/view,,,,22822281,"0050, 0052, 0053, 0056, 0057, 006203, 006204, 006208, 00692, 00850, 00878, 00881, 00894, 00901, 00905, 00912, 00918, 00921, 00922, 00923, 00930, 00932, 00934, 00940, 00952, 00962, 009803, 009804, 009808"
112,R8400416,台灣紙業股份有限公司新營紙廠,台灣紙業股份有限公司,11912102,"6,915.25","20,101.53","27,016.77",100.00%,"27,016.77","27,016.77",100.00%,台南市,"27,016.77",100.00%,化學原材料製造業,石化業,非屬公開發行,否,,無發行資訊,,https://www.tppc.com.tw/%e4%bc%81%e6%a5%ad%e6%b0%b8%e7%ba%8c%e7%99%bc%e5%b1%95/%e7%92%b0%e4%bf%9d%e6%94%bf%e7%ad%96/,11912102
112,S1695018,漢翔航空工業股份有限公司岡山廠,漢翔航空工業股份有限公司,97160544,"3,580.15","23,297.85","26,878.01",100.00%,"26,878.01","26,878.01",100.00%,高雄市,"26,878.01",100.00%,未分類其他運輸工具及其零件製造業,航空業,航運業,是,https://drive.google.com/file/d/1WB3ctzVw3hkvIf6VTYtf5iOagxyo2a-6/view,,,,97160544,"006204, 00692, 00733"
112,P5400070,建大工業股份有限公司雲林廠,建大工業股份有限公司,59619900,"10,746.19","16,071.40","26,817.59",100.00%,"26,817.59","26,817.59",100.00%,雲林縣,"26,817.59",100.00%,橡膠製品製造業,石化業,橡膠工業,是,https://drive.google.com/file/d/1apmJpmVXsHEokrCBOGBbVyj7wE9k4-Dv/view,,,,59619900,006204
112,H4801709,宏洲纖維工業股份有限公司桃園工廠,宏洲纖維工業股份有限公司,	07220710,"9,046.85","17,539.90","26,586.75",100.00%,"26,586.75","26,586.75",100.00%,桃園市,"26,586.75",100.00%,人造纖維製造業,石化業,紡織纖維,是,https://drive.google.com/file/d/1wb1aWz74KRSH3lB3IdFcJYzR1-ekjEJo/view,,,,07220710
112,S2603498,泓達化工股份有限公司燕巢廠,泓達化工股份有限公司,23418128,"16,074.47","10,287.67","26,362.13",100.00%,"26,362.13","26,362.13",100.00%,高雄市,"26,362.13",100.00%,塑膠及合成橡膠原料製造業,石化業,非屬公開發行,否,,無發行資訊,,https://www.ylresin.com/tw/about,23418128
112,H4502201,建榮工業材料股份有限公司楊梅廠,建榮工業材料股份有限公司,86691377,"8,926.83","17,292.37","26,219.20",100.00%,"26,219.20","26,219.20",100.00%,桃園市,"26,219.20",100.00%,織布業,紡織業,電子零組件業,是,https://drive.google.com/file/d/17lx8O6YwkhDVXrr6IsZccEtq604uevfF/view,,,,86691377
112,S1601178,晉禾企業股份有限公司,晉禾企業股份有限公司,88680066,"5,154.06","20,435.17","25,589.24",100.00%,"25,589.24","25,589.24",100.00%,高雄市,"25,589.24",100.00%,金屬加工處理業,鋼鐵業,非屬公開發行,否,,無發行資訊,,https://www.jinnher.com.tw/about_34.html,88680066
112,H5300363,銓盟企業股份有限公司,銓盟企業股份有限公司,23313356,"21,060.96","4,459.63","25,520.59",100.00%,"25,520.59","25,520.59",100.00%,桃園市,"25,520.59",100.00%,染整業,紡織業,非屬公開發行,否,,無發行資訊,,,23313356
112,K7000504,台鹽實業股份有限公司通霄精鹽廠,台鹽實業股份有限公司,89397503,"24,583.77",891.67,"25,475.44",100.00%,"25,475.44","25,475.44",100.00%,苗栗縣,"25,475.44",100.00%,其他食品製造業,食品業,食品工業,是,https://drive.google.com/file/d/1pZyhMs2rVzTAPPbTpxMKLLMATTr9Hjri/view,,,,89397503
112,G37A3618,金元福包裝企業股份有限公司冬山廠,金元福包裝企業股份有限公司,34227006,544.77,"24,350.21","24,894.98",100.00%,"24,894.98","24,894.98",100.00%,宜蘭市,"24,894.98",100.00%,塑膠製品製造業,石化業,非屬公開發行,是,,永續報告書,,https://esg.kyf.com.tw/,34227006
112,H5302107,東欣實業股份有限公司,東欣實業股份有限公司,89356756,"20,159.22","4,690.77","24,849.99",100.00%,"24,849.99","24,849.99",100.00%,桃園市,"24,849.99",100.00%,染整業,紡織業,非屬公開發行,否,,無發行資訊,,,89356756
112,H51A5615,鉅輝鋼鐵股份有限公司,鉅輝鋼鐵股份有限公司,13079654,"16,575.97","7,884.99","24,460.97",100.00%,"24,460.97","24,460.97",100.00%,桃園市,"24,460.97",100.00%,金屬結構及建築組件製造業,鋼鐵業,非屬公開發行,否,,無發行資訊,,,13079654
112,H42A3066,台群工業股份有限公司,台群工業股份有限公司,25049986,"20,071.28","4,270.33","24,341.61",100.00%,"24,341.61","24,341.61",100.00%,桃園市,"24,341.61",100.00%,染整業,紡織業,非屬公開發行,否,,無發行資訊,,,25049986
112,H4301348,東培工業股份有限公司中壢廠,東培工業股份有限公司,	07220508,"1,541.78","22,779.82","24,321.60",100.00%,"24,321.60","24,321.60",100.00%,桃園市,"24,321.60",100.00%,其他金屬製品製造業,鋼鐵業,非屬公開發行,否,,無發行資訊,,https://www.tpibearings.co/zh-hant/about/,07220508
112,H4306058,台灣華可貴股份有限公司中壢第二工廠,台灣華可貴股份有限公司,44883108,"4,979.72","18,902.52","23,882.25",100.00%,"23,882.25","23,882.25",100.00%,桃園市,"23,882.25",100.00%,未分類其他製造業,紡織業,非屬公開發行,否,,無發行資訊,,https://www.ykktaiwan.com.tw/index-2.html,44883108
112,G3700979,台灣湯淺電池股份有限公司,台灣湯淺電池股份有限公司,35878589,"1,763.38","21,948.06","23,711.45",100.00%,"23,711.45","23,711.45",100.00%,宜蘭縣,"23,711.45",100.00%,電池製造業,電池製造業,非屬公開發行,否,,無發行資訊,,https://www.yuasa.com.tw/responsibility.php?lang=,35878589
112,N3000533,碁富食品股份有限公司彰化廠,碁富食品股份有限公司,22360437,"5,783.77","17,705.06","23,488.83",100.00%,"23,488.83","23,488.83",100.00%,彰化縣,"23,488.83",100.00%,肉類加工及保藏業,食品業,非屬公開發行,否,,無發行資訊,,https://www.kklife.com.tw/,22360437
112,H4504705,紘楷股份有限公司,紘楷股份有限公司,70738116,"19,398.00","3,917.91","23,315.92",100.00%,"23,315.92","23,315.92",100.00%,桃園市,"23,315.92",100.00%,染整業,紡織業,非屬公開發行,否,,無發行資訊,,,70738116
112,O1706923,昇陽國際半導體股份有限公司,昇陽國際半導體股份有限公司,84149884,"4,520.54","18,655.89","23,176.43",100.00%,"23,176.43","23,176.43",100.00%,新竹市,"23,176.43",100.00%,半導體製造業,半導體業,半導體業,是,https://drive.google.com/file/d/1tE0SiqSSmkVND_pIou7ZHl4swrdo0cKv/view,,,,84149884,0053
112,S2201154,三芳化學工業股份有限公司,三芳化學工業股份有限公司,83387850,"6,968.13","15,892.28","22,860.41",100.00%,"22,860.41","22,860.41",100.00%,高雄市,"22,860.41",100.00%,化學原材料製造業,石化業,塑膠工業,是,https://drive.google.com/file/d/16d0ZzjrVcFJK4bm1yVbhXsZh5JV3OPIW/view,,,,83387850,"00905, 00932"
112,H5301262,和友紡織股份有限公司觀音廠,和友紡織股份有限公司,35192807,"17,275.50","5,438.35","22,713.85",100.00%,"22,713.85","22,713.85",100.00%,桃園市,"22,713.85",100.00%,染整業,紡織業,非屬公開發行,否,,只出到2023年,,https://www.hoyu.com.tw/en/esg#esg-report,35192807
112,S1900649,南帝化學工業股份有限公司,南帝化學工業股份有限公司,12209807,"1,387.59","20,302.50","21,690.09",100.00%,"21,690.09","21,690.09",100.00%,高雄市,"21,690.09",100.00%,塑膠及合成橡膠原料製造業,石化業,橡膠工業,是,https://drive.google.com/file/d/1v-2WCWOMCUfJ5khQ57Wllx0V-p6t61St/view,,,,12209807
112,H5302143,遠東先進纖維股份有限公司,遠東先進纖維股份有限公司,89392269,"4,279.82","17,249.69","21,529.51",100.00%,"21,529.51","21,529.51",100.00%,桃園市,"21,529.51",100.00%,人造纖維製造業,石化業,非屬公開發行,是,https://drive.google.com/file/d/15373R7xPnbyFDB3dT6zLcQpC-fuKwTVp/view,永續報告書,遠東新,,89392269
112,H53B2103,嘉聯益科技股份有限公司桃科廠,嘉聯益科技股份有限公司,86980046,256.71,"21,089.74","21,346.44",100.00%,"21,346.44","21,346.44",100.00%,桃園市,"21,346.44",100.00%,印刷電路板製造業,電子業,電子零組件業,是,https://drive.google.com/file/d/1hG7XmDAj6c85d6Ywzv-Wb1jDcGitKkaM/view,,,,86980046,0053
112,S1601203,春雨工廠股份有限公司,春雨工廠股份有限公司,88187108,"12,796.06","8,297.60","21,093.65",100.00%,"21,093.65","21,093.65",100.00%,高雄市,"21,093.65",100.00%,其他基本金屬製造業,鋼鐵業,鋼鐵工業,是,https://drive.google.com/file/d/1GEZkP-f3JU0UeMIG4YzfkBr1E9obCpEF/view,,,,88187108
112,Q6900821,上評資源循環股份有限公司嘉義廠,上評資源循環股份有限公司,91004618,"7,259.96","13,771.53","21,031.50",100.00%,"21,031.50","21,031.50",100.00%,嘉義縣,"21,031.50",100.00%,紙漿、紙及紙板製造業,造紙業,非屬公開發行,否,,無發行資訊,,https://www.topcomm.com.tw/sustain/performance,91004618
112,P46A5881,古河銅箔股份有限公司,古河銅箔股份有限公司,53372182,"1,044.09","19,709.09","20,753.19",100.00%,"20,753.19","20,753.19",100.00%,雲林縣,"20,753.19",100.00%,其他基本金屬製造業,銅製造業,非屬公開發行,否,,無發行資訊,,,53372182
112,K7300447,年興紡織股份有限公司,年興紡織股份有限公司,22266307,"5,023.71","15,232.64","20,256.36",100.00%,"20,256.36","20,256.36",100.00%,苗栗縣,"20,256.36",100.00%,紡織品製造業,紡織業,紡織纖維,是,https://drive.google.com/file/d/1AKeMZCXwRNZ5g9zpm4ueb1nEjZ1IlFZH/view,,,,22266307
112,H4301839,大鐘印染股份有限公司中壢廠,大鐘印染股份有限公司,57002416,"13,953.20","5,989.65","19,942.85",100.00%,"19,942.85","19,942.85",100.00%,桃園市,"19,942.85",100.00%,染整業,紡織業,非屬公開發行,否,,無發行資訊,,http://www.gbprint.com.tw/frameset.htm,57002416
112,L8801141,巨大機械工業股份有限公司日南廠,巨大機械工業股份有限公司,56054251,"5,970.10","13,941.08","19,911.17",100.00%,"19,911.17","19,911.17",100.00%,台中市,"19,911.17",100.00%,自行車及其零件製造業,自行車業,運動休閒,是,https://drive.google.com/file/d/1chXPgP71A42p8isyE7IOoNk8jtZT8m4a/view,,,,56054251,"0051, 006204, 00850"
112,O1706049,元太科技工業股份有限公司,元太科技工業股份有限公司,22099890,399.46,"19,166.43","19,565.89",100.00%,"19,565.89","19,565.89",100.00%,新竹市,"19,565.89",100.00%,光電材料及元件製造業,光電業,光電業,是,https://drive.google.com/file/d/1z3JuFWTr2duIwr8e1vdUDUhwtJgDOnS6/view,,,,22099890,"0057, 006203, 00901, 00912, 00922"
112,H4814797,香榮實業股份有限公司,香榮實業股份有限公司,13035951,"16,715.08","2,715.02","19,430.10",100.00%,"19,430.10","19,430.10",100.00%,桃園市,"19,430.10",100.00%,染整業,紡織業,非屬公開發行,否,,無發行資訊,,http://www.xr.com.tw/home.html,13035951
112,H4204264,翔新企業股份有限公司,翔新企業股份有限公司,84570243,"15,742.23","3,283.62","19,025.85",100.00%,"19,025.85","19,025.85",100.00%,桃園市,"19,025.85",100.00%,染整業,紡織業,非屬公開發行,否,,無發行資訊,,,84570243
112,H4903093,中華凸版電子股份有限公司,中華凸版電子股份有限公司,16083358,"1,733.30","17,287.86","19,021.15",100.00%,"19,021.15","19,021.15",100.00%,桃園市,"19,021.15",100.00%,半導體製造業,半導體業,非屬公開發行,否,,無發行資訊,,,16083358
112,O1745831,敦南科技股份有限公司新竹分公司廠,敦南科技股份有限公司,23528103,"11,482.13","7,137.71","18,619.83",100.00%,"18,619.83","18,619.83",100.00%,新竹市,"18,619.83",100.00%,半導體製造業,半導體業,非屬公開發行,否,,無發行資訊,,,23528103
112,J6304706,亞太優勢微系統股份有限公司,亞太優勢微系統股份有限公司,70815339,"6,178.67","12,295.49","18,474.16",100.00%,"18,474.16","18,474.16",100.00%,新竹縣,"18,474.16",100.00%,半導體製造業,半導體業,非屬公開發行,否,,無發行資訊,,,70815339
112,H4605609,東明纖維工業股份有限公司蘆竹廠,東明纖維工業股份有限公司,	07205416,"15,213.18","3,136.50","18,349.68",100.00%,"18,349.68","18,349.68",100.00%,桃園市,"18,349.68",100.00%,染整業,紡織業,非屬公開發行,否,,無發行資訊,,,07205416
112,N1601854,獻麒紡織工業股份有限公司,獻麒紡織工業股份有限公司,22474430,"14,418.13","3,543.96","17,962.08",100.00%,"17,962.08","17,962.08",100.00%,彰化縣,"17,962.08",100.00%,染整業,紡織業,非屬公開發行,否,,無發行資訊,,http://www.hsienchi.com.tw/tw/company2.php,22474430
112,G38A0540,台灣半導體股份有限公司利澤廠,台灣半導體股份有限公司,34286449,"4,699.68","10,103.88","14,803.56",100.00%,"14,803.56","14,803.56",100.00%,宜蘭縣,"14,803.56",100.00%,半導體製造業,半導體業,半導體業,是,https://drive.google.com/file/d/118dlvyWgNRjllzj7T1uzdTqqTsyLMiIa/view,,,,34286449,00943
112,H4600551,大統新創股份有限公司染整廠,大統新創股份有限公司,22267777,"9,785.03","4,008.71","13,793.74",100.00%,"13,793.74","13,793.74",100.00%,桃園市,"13,793.74",100.00%,染整業,紡織業,紡織纖維,是,https://drive.google.com/file/d/14arNGbPLNo0vIWAT2YhWB5pdUjuKAnU9/view,,,,22267777
112,J5905432,艾克爾先進科技股份有限公司,艾克爾先進科技股份有限公司,16847968,790.26,"10,780.51","11,570.77",100.00%,"11,570.77","11,570.77",100.00%,新竹縣,"11,570.77",100.00%,半導體製造業,半導體業,非屬公開發行,是,,簡中企業責任報告,amkor,https://amkor.com/cn/corporate-responsibility/cr-report/,16847968
112,D32A8713,可成科技股份有限公司南科工廠,可成科技股份有限公司,69905810,"1,324.20","9,915.57","11,239.77",100.00%,"11,239.77","11,239.77",100.00%,台南市,"11,239.77",100.00%,鋁製造業,鋁製造業,其他電子業,是,https://drive.google.com/file/d/1NLNyNMudSq9Dmt4Ttasnnpdpj_nU4M-8/view,,,,69905810,"0051, 0052, 0053, 0056, 0057, 006203, 006204, 00690, 00713, 00728, 00731, 00850, 00878, 00901, 00918, 00919, 00929, 00932, 00934, 00936, 00940, 00943, 00944, 00946, 00961, 009802"
112,J59A1577,辛耘企業股份有限公司,辛耘企業股份有限公司,30901647,886.32,"9,504.36","10,390.68",100.00%,"10,390.68","10,390.68",100.00%,新竹縣,"10,390.68",100.00%,半導體製造業,半導體業,半導體業,是,https://drive.google.com/file/d/1qSEve2b7hxIHim7OvbM-Dm1U1zAt2GLh/view,,,,30901647
112,O17M3787,晶成半導體股份有限公司竹科廠,晶成半導體股份有限公司,28114454,"2,123.67","5,110.94","7,234.61",100.00%,"7,234.61","7,234.61",100.00%,新竹市,"7,234.61",100.00%,半導體製造業,半導體業,非屬公開發行,否,,無發行資訊,,,28114454
112,H4802662,新瑞倡企業股份有限公司桃園廠,新瑞倡企業股份有限公司,	07620770,"3,378.17","3,305.76","6,683.94",100.00%,"6,683.94","6,683.94",100.00%,桃園市,"6,683.94",100.00%,染整業,紡織業,非屬公開發行,否,,無發行資訊,,,07620770
112,J6300155,台灣高技股份有限公司,台灣高技股份有限公司,22099343,"1,107.01","4,677.78","5,784.80",100.00%,"5,784.80","5,784.80",100.00%,新竹縣,"5,784.80",100.00%,其他電子零組件製造業,電子業,非屬公開發行,是,,永續報告書,,http://www.fht.com.tw/web/tw/page/1172/%E6%B0%B8%E7%BA%8C%E5%A0%B1%E5%91%8A%E6%9B%B8,22099343