公司,事業統編,工廠數,2023排放量,行業別,排放量扣除額,碳費基準每噸300元,碳費基準!00,碳費基準50,營業收入,營業成本,本期淨利,300佔營收,300佔成本-外加,300佔淨利
台灣電力股份有限公司,	03795904,12,"93,328,083.64",電力業,300000,"NT$2,790,842.51 萬元","NT$930,280.84 萬元","NT$465,140.42 萬元","NT$78,098,366.00 萬元","NT$94,347,385.00 萬元","-NT$19,993,553.00 萬元",3.57%,2.96%,淨利為負值
台塑石化股份有限公司,86522210,3,"24,234,494.00",石化業,75000,"NT$724,784.82 萬元","NT$241,594.94 萬元","NT$120,797.47 萬元","NT$71,257,619.00 萬元","NT$68,555,353.00 萬元","NT$2,187,585.00 萬元",1.02%,1.06%,33.13%
中國鋼鐵股份有限公司,30414175,2,"18,066,406.34",鋼鐵業,50000,"NT$540,492.19 萬元","NT$180,164.06 萬元","NT$90,082.03 萬元","NT$36,332,650.00 萬元","NT$34,655,375.00 萬元","NT$353,121.00 萬元",1.49%,1.56%,153.06%
台灣積體電路製造股份有限公司,22099131,31,"11,418,277.62",半導體業,775000,"NT$319,298.33 萬元","NT$106,432.78 萬元","NT$53,216.39 萬元","NT$216,173,584.00 萬元","NT$98,662,521.00 萬元","NT$83,776,752.00 萬元",0.15%,0.32%,0.38%
麥寮汽電股份有限公司,96975970,1,"9,443,380.10",電力業,25000,"NT$282,551.40 萬元","NT$94,183.80 萬元","NT$47,091.90 萬元",#N/A,#N/A,#N/A,無法計算,無法計算,無法計算
中龍鋼鐵股份有限公司,84613756,1,"9,216,366.06",鋼鐵業,25000,"NT$275,740.98 萬元","NT$91,913.66 萬元","NT$45,956.83 萬元","NT$8,957,417.00 萬元","NT$9,340,022.00 萬元","-NT$519,537.00 萬元",3.08%,2.95%,淨利為負值
台灣塑膠工業股份有限公司,75708007,8,"8,130,027.41",石化業,200000,"NT$237,900.82 萬元","NT$79,300.27 萬元","NT$39,650.14 萬元","NT$19,913,878.00 萬元","NT$18,931,232.00 萬元","NT$733,771.00 萬元",1.19%,1.26%,32.42%
台灣化學纖維股份有限公司,58650902,5,"8,022,912.66",石化業,125000,"NT$236,937.38 萬元","NT$78,979.13 萬元","NT$39,489.56 萬元","NT$33,261,953.00 萬元","NT$32,119,509.00 萬元","NT$770,494.00 萬元",0.71%,0.74%,30.75%
和平電力股份有限公司,16096852,1,"7,995,242.90",電力業,25000,"NT$239,107.29 萬元","NT$79,702.43 萬元","NT$39,851.21 萬元",#N/A,#N/A,#N/A,無法計算,無法計算,無法計算
台灣中油股份有限公司,	03707901,5,"6,542,927.09",石化業,125000,"NT$192,537.81 萬元","NT$64,179.27 萬元","NT$32,089.64 萬元","NT$110,346,853.00 萬元","NT$109,280,886.00 萬元","-NT$2,045,171.00 萬元",0.17%,0.18%,淨利為負值
南亞塑膠工業股份有限公司,75370905,9,"3,752,539.36",石化業,225000,"NT$105,826.18 萬元","NT$35,275.39 萬元","NT$17,637.70 萬元","NT$25,975,534.00 萬元","NT$24,051,934.00 萬元","NT$811,005.00 萬元",0.41%,0.44%,13.05%
台灣水泥股份有限公司,11913502,2,"3,643,800.26",水泥業,50000,"NT$107,814.01 萬元","NT$35,938.00 萬元","NT$17,969.00 萬元","NT$10,931,434.00 萬元","NT$8,878,057.00 萬元","NT$1,000,461.00 萬元",0.99%,1.21%,10.78%
亞洲水泥股份有限公司,	03244509,1,"2,782,856.11",水泥業,25000,"NT$82,735.68 萬元","NT$27,578.56 萬元","NT$13,789.28 萬元","NT$8,018,280.00 萬元","NT$6,974,561.00 萬元","NT$1,108,411.00 萬元",1.03%,1.19%,7.46%
長春石油化學股份有限公司,11384806,5,"2,475,901.51",石化業,125000,"NT$70,527.05 萬元","NT$23,509.02 萬元","NT$11,754.51 萬元","NT$10,573,862.00 萬元","NT$9,424,159.00 萬元","NT$496,952.00 萬元",0.67%,0.75%,14.19%
群創光電股份有限公司,12800225,9,"2,412,735.52",光電業,225000,"NT$65,632.07 萬元","NT$21,877.36 萬元","NT$10,938.68 萬元","NT$21,174,056.00 萬元","NT$20,863,151.00 萬元","-NT$1,859,873.00 萬元",0.31%,0.31%,淨利為負值
森霸電力股份有限公司,70783499,1,"2,195,622.61",電力業,25000,"NT$65,118.68 萬元","NT$21,706.23 萬元","NT$10,853.11 萬元","NT$2,201,016.00 萬元","NT$2,006,211.00 萬元","NT$159,520.00 萬元",2.96%,3.25%,40.82%
友達光電股份有限公司,84149738,9,"1,971,912.89",光電業,225000,"NT$52,407.39 萬元","NT$17,469.13 萬元","NT$8,734.56 萬元","NT$24,796,444.00 萬元","NT$24,335,407.00 萬元","-NT$1,815,115.00 萬元",0.21%,0.22%,淨利為負值
長生電力股份有限公司,96933037,1,"1,889,472.43",電力業,25000,"NT$55,934.17 萬元","NT$18,644.72 萬元","NT$9,322.36 萬元",#N/A,#N/A,#N/A,無法計算,無法計算,無法計算
華亞汽電股份有限公司,70783006,2,"1,844,407.99",電力業,50000,"NT$53,832.24 萬元","NT$17,944.08 萬元","NT$8,972.04 萬元",#N/A,#N/A,#N/A,無法計算,無法計算,無法計算
嘉惠電力股份有限公司,96976990,1,"1,775,020.33",電力業,25000,"NT$52,500.61 萬元","NT$17,500.20 萬元","NT$8,750.10 萬元",#N/A,#N/A,#N/A,無法計算,無法計算,無法計算
聯華電子股份有限公司,47217677,7,"1,430,026.92",半導體業,175000,"NT$37,650.81 萬元","NT$12,550.27 萬元","NT$6,275.13 萬元","NT$22,253,300.00 萬元","NT$14,478,916.00 萬元","NT$6,143,982.00 萬元",0.17%,0.26%,0.61%
大連化學工業股份有限公司,12233428,3,"1,384,650.66",石化業,75000,"NT$39,289.52 萬元","NT$13,096.51 萬元","NT$6,548.25 萬元","NT$4,742,155.00 萬元","NT$4,246,819.00 萬元","NT$40,412.00 萬元",0.83%,0.93%,97.22%
正隆股份有限公司,33085508,4,"1,338,222.45",造紙業,100000,"NT$37,146.67 萬元","NT$12,382.22 萬元","NT$6,191.11 萬元","NT$4,216,547.00 萬元","NT$3,450,535.00 萬元","NT$93,296.00 萬元",0.88%,1.08%,39.82%
台灣美光記憶體股份有限公司,28518076,3,"1,156,889.39",半導體業,75000,"NT$32,456.68 萬元","NT$10,818.89 萬元","NT$5,409.45 萬元",#N/A,#N/A,#N/A,無法計算,無法計算,無法計算
長春人造樹脂廠股份有限公司,11384708,5,"1,152,774.41",石化業,125000,"NT$30,833.23 萬元","NT$10,277.74 萬元","NT$5,138.87 萬元","NT$11,023,277.00 萬元","NT$10,113,097.00 萬元","NT$554,804.00 萬元",0.28%,0.30%,5.56%
星元電力股份有限公司,27945086,1,"1,076,692.51",電力業,25000,"NT$31,550.78 萬元","NT$10,516.93 萬元","NT$5,258.46 萬元",#N/A,#N/A,#N/A,無法計算,無法計算,無法計算
國光電力股份有限公司,70833553,1,"1,065,234.37",電力業,25000,"NT$31,207.03 萬元","NT$10,402.34 萬元","NT$5,201.17 萬元",#N/A,#N/A,#N/A,無法計算,無法計算,無法計算
星能電力股份有限公司,70783765,1,"1,038,526.42",電力業,25000,"NT$30,405.79 萬元","NT$10,135.26 萬元","NT$5,067.63 萬元","NT$1,054,610.00 萬元","NT$976,181.00 萬元","NT$60,673.00 萬元",2.88%,3.11%,50.11%
台灣美光晶圓科技股份有限公司,80353271,2,"981,257.36",半導體業,50000,"NT$27,937.72 萬元","NT$9,312.57 萬元","NT$4,656.29 萬元",#N/A,#N/A,#N/A,無法計算,無法計算,無法計算
中國石油化學工業開發股份有限公司,	03084741,4,"843,460.77",石化業,100000,"NT$22,303.82 萬元","NT$7,434.61 萬元","NT$3,717.30 萬元",#N/A,#N/A,#N/A,無法計算,無法計算,無法計算
東和鋼鐵企業股份有限公司,75280209,4,"822,114.05",鋼鐵業,100000,"NT$21,663.42 萬元","NT$7,221.14 萬元","NT$3,610.57 萬元","NT$6,096,191.00 萬元","NT$5,231,572.00 萬元","NT$475,982.00 萬元",0.36%,0.41%,4.55%
新桃電力股份有限公司,16596337,1,"766,057.17",電力業,25000,"NT$22,231.72 萬元","NT$7,410.57 萬元","NT$3,705.29 萬元",#N/A,#N/A,#N/A,無法計算,無法計算,無法計算
榮成紙業股份有限公司,34202841,2,"747,331.29",造紙業,50000,"NT$20,919.94 萬元","NT$6,973.31 萬元","NT$3,486.66 萬元","NT$4,671,203.00 萬元","NT$4,216,414.00 萬元","-NT$103,137.00 萬元",0.45%,0.50%,淨利為負值
中華紙漿股份有限公司,94025264,3,"727,555.62",造紙業,75000,"NT$19,576.67 萬元","NT$6,525.56 萬元","NT$3,262.78 萬元","NT$2,095,545.00 萬元","NT$1,986,469.00 萬元","-NT$55,450.00 萬元",0.93%,0.99%,淨利為負值
豐興鋼鐵股份有限公司,55389357,1,"696,740.22",鋼鐵業,25000,"NT$20,152.21 萬元","NT$6,717.40 萬元","NT$3,358.70 萬元","NT$3,488,202.00 萬元","NT$3,132,630.00 萬元","NT$237,549.00 萬元",0.58%,0.64%,8.48%
潤泰精密材料股份有限公司,86871981,1,"674,335.94",水泥業,25000,"NT$19,480.08 萬元","NT$6,493.36 萬元","NT$3,246.68 萬元","NT$550,087.00 萬元","NT$487,586.00 萬元","NT$21,095.00 萬元",3.54%,4.00%,92.34%
世界先進積體電路股份有限公司,84149358,4,"632,278.14",半導體業,100000,"NT$15,968.34 萬元","NT$5,322.78 萬元","NT$2,661.39 萬元","NT$3,827,257.00 萬元","NT$2,782,656.00 萬元","NT$737,007.00 萬元",0.42%,0.57%,2.17%
永豐餘工業用紙股份有限公司,27719048,1,"614,963.78",造紙業,25000,"NT$17,698.91 萬元","NT$5,899.64 萬元","NT$2,949.82 萬元",#N/A,#N/A,#N/A,無法計算,無法計算,無法計算
幸福水泥股份有限公司,40601248,1,"606,629.51",水泥業,25000,"NT$17,448.89 萬元","NT$5,816.30 萬元","NT$2,908.15 萬元","NT$509,474.00 萬元","NT$421,183.00 萬元","NT$52,714.00 萬元",3.42%,4.14%,33.10%
錦州科技股份有限公司,53520959,1,"600,828.46",電力業,25000,"NT$17,274.85 萬元","NT$5,758.28 萬元","NT$2,879.14 萬元",#N/A,#N/A,#N/A,無法計算,無法計算,無法計算
台灣玻璃工業股份有限公司,11914002,6,"598,879.83",非金屬製品加工業,150000,"NT$13,466.39 萬元","NT$4,488.80 萬元","NT$2,244.40 萬元","NT$4,561,904.00 萬元","NT$4,105,170.00 萬元","NT$2,485.00 萬元",0.30%,0.33%,541.91%
信大水泥股份有限公司,	03279507,1,"592,621.92",水泥業,25000,"NT$17,028.66 萬元","NT$5,676.22 萬元","NT$2,838.11 萬元","NT$625,986.00 萬元","NT$491,879.00 萬元","NT$80,759.00 萬元",2.72%,3.46%,21.09%
力晶積成電子製造股份有限公司,28112667,4,"582,943.65",半導體業,100000,"NT$14,488.31 萬元","NT$4,829.44 萬元","NT$2,414.72 萬元","NT$4,402,255.00 萬元","NT$3,873,058.00 萬元","-NT$164,354.00 萬元",0.33%,0.37%,淨利為負值
遠東新世紀股份有限公司,	03522600,3,"569,531.79",石化業,75000,"NT$14,835.95 萬元","NT$4,945.32 萬元","NT$2,472.66 萬元","NT$25,720,394.00 萬元","NT$21,014,270.00 萬元","NT$1,531,949.00 萬元",0.06%,0.07%,0.97%
大園汽電共生股份有限公司,84526079,1,"566,629.45",電力業,25000,"NT$16,248.88 萬元","NT$5,416.29 萬元","NT$2,708.15 萬元","NT$271,701.00 萬元","NT$218,010.00 萬元","NT$28,334.00 萬元",5.98%,7.45%,57.35%
矽品精密工業股份有限公司,55991080,5,"559,058.66",半導體業,125000,"NT$13,021.76 萬元","NT$4,340.59 萬元","NT$2,170.29 萬元",#N/A,#N/A,#N/A,無法計算,無法計算,無法計算
三福氣體股份有限公司,11072509,6,"554,927.66",石化業,150000,"NT$12,147.83 萬元","NT$4,049.28 萬元","NT$2,024.64 萬元",#N/A,#N/A,#N/A,無法計算,無法計算,無法計算
聯亞科技股份有限公司,22099456,6,"553,705.98",石化業,150000,"NT$12,111.18 萬元","NT$4,037.06 萬元","NT$2,018.53 萬元",#N/A,#N/A,#N/A,無法計算,無法計算,無法計算
日月光半導體製造股份有限公司,76027628,13,"543,558.41",半導體業,325000,"NT$6,556.75 萬元","NT$2,185.58 萬元","NT$1,092.79 萬元",#N/A,#N/A,#N/A,無法計算,無法計算,無法計算
奇美實業股份有限公司,68387705,2,"542,811.13",石化業,50000,"NT$14,784.33 萬元","NT$4,928.11 萬元","NT$2,464.06 萬元","NT$12,482,162.00 萬元","NT$11,832,428.00 萬元","-NT$66,607.00 萬元",0.12%,0.12%,淨利為負值
欣興電子股份有限公司,23535435,10,"537,380.48",電子業,250000,"NT$8,621.41 萬元","NT$2,873.80 萬元","NT$1,436.90 萬元","NT$10,403,615.00 萬元","NT$8,373,455.00 萬元","NT$1,222,510.00 萬元",0.08%,0.10%,0.71%
燁聯鋼鐵股份有限公司,23218395,1,"485,003.78",鋼鐵業,25000,"NT$13,800.11 萬元","NT$4,600.04 萬元","NT$2,300.02 萬元","NT$4,338,912.00 萬元","NT$4,526,799.00 萬元","-NT$337,798.00 萬元",0.32%,0.30%,淨利為負值
南亞電路板股份有限公司,16096804,2,"442,870.11",電子業,50000,"NT$11,786.10 萬元","NT$3,928.70 萬元","NT$1,964.35 萬元","NT$4,225,258.00 萬元","NT$3,407,518.00 萬元","NT$581,659.00 萬元",0.28%,0.35%,2.03%
國喬石油化學股份有限公司,	04212250,1,"437,352.64",石化業,25000,"NT$12,370.58 萬元","NT$4,123.53 萬元","NT$2,061.76 萬元","NT$1,571,919.00 萬元","NT$1,527,089.00 萬元","-NT$145,688.00 萬元",0.79%,0.81%,淨利為負值
南亞科技股份有限公司,89390656,1,"430,324.12",半導體業,25000,"NT$12,159.72 萬元","NT$4,053.24 萬元","NT$2,026.62 萬元","NT$2,989,231.00 萬元","NT$3,437,515.00 萬元","-NT$743,963.00 萬元",0.41%,0.35%,淨利為負值
台灣康寧顯示玻璃股份有限公司,	04388145,2,"418,258.35",非金屬製品加工業,50000,"NT$11,047.75 萬元","NT$3,682.58 萬元","NT$1,841.29 萬元",#N/A,#N/A,#N/A,無法計算,無法計算,無法計算
台灣肥料股份有限公司,	03795101,1,"413,920.90",石化業,25000,"NT$11,667.63 萬元","NT$3,889.21 萬元","NT$1,944.60 萬元","NT$1,501,479.00 萬元","NT$1,089,662.00 萬元","NT$391,905.00 萬元",0.78%,1.07%,2.98%
中國人造纖維股份有限公司,	07066907,1,"410,657.17",石化業,25000,"NT$11,569.72 萬元","NT$3,856.57 萬元","NT$1,928.29 萬元","NT$3,877,031.00 萬元",NT$0.00 萬元,"NT$361,586.00 萬元",0.30%,無法計算,3.20%
義芳化學工業股份有限公司,15395706,1,"404,894.34",石化業,25000,"NT$11,396.83 萬元","NT$3,798.94 萬元","NT$1,899.47 萬元",#N/A,#N/A,#N/A,無法計算,無法計算,無法計算
華邦電子股份有限公司,22099218,2,"397,006.76",半導體業,50000,"NT$10,410.20 萬元","NT$3,470.07 萬元","NT$1,735.03 萬元","NT$7,500,608.00 萬元","NT$5,261,035.00 萬元","NT$3,445.00 萬元",0.14%,0.20%,302.18%
艾杰旭顯示玻璃股份有限公司,70584724,3,"389,005.92",非金屬製品加工業,75000,"NT$9,420.18 萬元","NT$3,140.06 萬元","NT$1,570.03 萬元",#N/A,#N/A,#N/A,無法計算,無法計算,無法計算
亞東工業氣體股份有限公司,22522453,7,"356,607.21",石化業,175000,"NT$5,448.22 萬元","NT$1,816.07 萬元",NT$908.04 萬元,#N/A,#N/A,#N/A,無法計算,無法計算,無法計算
旺宏電子股份有限公司,22099548,2,"355,303.42",半導體業,50000,"NT$9,159.10 萬元","NT$3,053.03 萬元","NT$1,526.52 萬元","NT$2,762,361.00 萬元","NT$2,086,295.00 萬元","-NT$169,915.00 萬元",0.33%,0.44%,淨利為負值
慶欣欣鋼鐵股份有限公司,80354671,1,"351,943.85",鋼鐵業,25000,"NT$9,808.32 萬元","NT$3,269.44 萬元","NT$1,634.72 萬元",#N/A,#N/A,#N/A,無法計算,無法計算,無法計算
東聯化學股份有限公司,14057995,1,"343,758.89",石化業,25000,"NT$9,562.77 萬元","NT$3,187.59 萬元","NT$1,593.79 萬元","NT$2,081,693.00 萬元","NT$2,048,001.00 萬元","-NT$22,430.00 萬元",0.46%,0.47%,淨利為負值
亞東石化股份有限公司,22318678,2,"338,342.85",石化業,50000,"NT$8,650.29 萬元","NT$2,883.43 萬元","NT$1,441.71 萬元",#N/A,#N/A,#N/A,無法計算,無法計算,無法計算
台灣汽電共生股份有限公司,86685142,1,"337,169.48",電力業,25000,"NT$9,365.08 萬元","NT$3,121.69 萬元","NT$1,560.85 萬元","NT$534,840.00 萬元","NT$480,514.00 萬元","NT$124,239.00 萬元",1.75%,1.95%,7.54%
力成科技股份有限公司,16082267,7,"306,448.34",半導體業,175000,"NT$3,943.45 萬元","NT$1,314.48 萬元",NT$657.24 萬元,"NT$7,044,095.00 萬元","NT$5,783,197.00 萬元","NT$950,914.00 萬元",0.06%,0.07%,0.41%
華新麗華股份有限公司,35412204,2,"293,729.54",鋼鐵業,50000,"NT$7,311.89 萬元","NT$2,437.30 萬元","NT$1,218.65 萬元","NT$18,983,963.00 萬元","NT$17,539,601.00 萬元","NT$594,125.00 萬元",0.04%,0.04%,1.23%
新光合成纖維股份有限公司,	07435515,2,"287,173.16",紡織業,50000,"NT$7,115.19 萬元","NT$2,371.73 萬元","NT$1,185.87 萬元","NT$3,956,514.00 萬元",NT$0.00 萬元,"NT$116,957.00 萬元",0.18%,無法計算,6.08%
京元電子股份有限公司,22507241,2,"280,120.09",半導體業,50000,"NT$6,903.60 萬元","NT$2,301.20 萬元","NT$1,150.60 萬元","NT$3,302,531.00 萬元","NT$2,188,352.00 萬元","NT$601,637.00 萬元",0.21%,0.32%,1.15%
協勝發鋼鐵廠股份有限公司,79254702,1,"274,545.14",鋼鐵業,25000,"NT$7,486.35 萬元","NT$2,495.45 萬元","NT$1,247.73 萬元",#N/A,#N/A,#N/A,無法計算,無法計算,無法計算
瀚宇彩晶股份有限公司,16450500,2,"265,839.99",光電業,50000,"NT$6,475.20 萬元","NT$2,158.40 萬元","NT$1,079.20 萬元","NT$1,235,297.00 萬元","NT$1,489,599.00 萬元","-NT$467,748.00 萬元",0.52%,0.43%,淨利為負值
中鴻鋼鐵股份有限公司,	07838854,2,"260,634.45",鋼鐵業,50000,"NT$6,319.03 萬元","NT$2,106.34 萬元","NT$1,053.17 萬元","NT$3,776,421.00 萬元","NT$3,725,190.00 萬元","NT$15,928.00 萬元",0.17%,0.17%,39.67%
威致鋼鐵工業股份有限公司,69771636,1,"248,916.95",鋼鐵業,25000,"NT$6,717.51 萬元","NT$2,239.17 萬元","NT$1,119.58 萬元","NT$1,048,417.00 萬元","NT$979,988.00 萬元","NT$41,522.00 萬元",0.64%,0.69%,16.18%
景碩科技股份有限公司,70785139,5,"236,714.85",電子業,125000,"NT$3,351.45 萬元","NT$1,117.15 萬元",NT$558.57 萬元,"NT$2,683,219.00 萬元","NT$2,007,468.00 萬元","NT$117,040.00 萬元",0.12%,0.17%,2.86%
林園先進材料科技股份有限公司,42818882,1,"230,847.60",石化業,25000,"NT$6,175.43 萬元","NT$2,058.48 萬元","NT$1,029.24 萬元",#N/A,#N/A,#N/A,無法計算,無法計算,無法計算
台塑勝高科技股份有限公司,89406518,1,"229,103.31",半導體業,25000,"NT$6,123.10 萬元","NT$2,041.03 萬元","NT$1,020.52 萬元","NT$1,487,623.00 萬元","NT$984,914.00 萬元","NT$345,884.00 萬元",0.41%,0.62%,1.77%
南茂科技股份有限公司,16130042,5,"224,959.77",半導體業,125000,"NT$2,998.79 萬元",NT$999.60 萬元,NT$499.80 萬元,"NT$2,135,623.00 萬元","NT$1,780,680.00 萬元","NT$189,343.00 萬元",0.14%,0.17%,1.58%
凌巨科技股份有限公司,16432742,1,"224,922.87",光電業,25000,"NT$5,997.69 萬元","NT$1,999.23 萬元",NT$999.61 萬元,"NT$904,212.00 萬元","NT$828,609.00 萬元","NT$23,616.00 萬元",0.66%,0.72%,25.40%
李長榮化學工業股份有限公司,39054405,3,"215,745.08",石化業,75000,"NT$4,222.35 萬元","NT$1,407.45 萬元",NT$703.73 萬元,#N/A,#N/A,#N/A,無法計算,無法計算,無法計算
力鵬企業股份有限公司,33955322,2,"208,485.03",石化業,50000,"NT$4,754.55 萬元","NT$1,584.85 萬元",NT$792.43 萬元,"NT$2,966,974.00 萬元","NT$2,943,818.00 萬元","-NT$43,329.00 萬元",0.16%,0.16%,淨利為負值
台灣苯乙烯工業股份有限公司,20844865,1,"200,746.89",石化業,25000,"NT$5,272.41 萬元","NT$1,757.47 萬元",NT$878.73 萬元,"NT$954,118.00 萬元","NT$995,255.00 萬元","-NT$46,066.00 萬元",0.55%,0.53%,淨利為負值
榮剛材料科技股份有限公司,84252697,2,"192,033.58",鋼鐵業,50000,"NT$4,261.01 萬元","NT$1,420.34 萬元",NT$710.17 萬元,"NT$1,352,525.00 萬元","NT$988,060.00 萬元","NT$239,525.00 萬元",0.32%,0.43%,1.78%
中美和石油化學股份有限公司,14040691,1,"185,233.53",石化業,25000,"NT$4,807.01 萬元","NT$1,602.34 萬元",NT$801.17 萬元,#N/A,#N/A,#N/A,無法計算,無法計算,無法計算
海光企業股份有限公司,75470524,2,"185,130.89",鋼鐵業,50000,"NT$4,053.93 萬元","NT$1,351.31 萬元",NT$675.65 萬元,"NT$936,509.00 萬元","NT$911,277.00 萬元","NT$2,999.00 萬元",0.43%,0.44%,135.18%
易昇鋼鐵股份有限公司,28098406,2,"181,447.44",鋼鐵業,50000,"NT$3,943.42 萬元","NT$1,314.47 萬元",NT$657.24 萬元,#N/A,#N/A,#N/A,無法計算,無法計算,無法計算
台灣氯乙烯工業股份有限公司,19084015,1,"176,354.03",石化業,25000,"NT$4,540.62 萬元","NT$1,513.54 萬元",NT$756.77 萬元,#N/A,#N/A,#N/A,無法計算,無法計算,無法計算
尚承鋼鐵股份有限公司,27208480,1,"170,588.69",鋼鐵業,25000,"NT$4,367.66 萬元","NT$1,455.89 萬元",NT$727.94 萬元,#N/A,#N/A,#N/A,無法計算,無法計算,無法計算
大立光電股份有限公司,22480876,3,"164,275.32",光電業,75000,"NT$2,678.26 萬元",NT$892.75 萬元,NT$446.38 萬元,"NT$4,884,225.00 萬元","NT$2,503,670.00 萬元","NT$1,790,232.00 萬元",0.05%,0.11%,0.15%
福懋興業股份有限公司,14001199,2,"161,770.50",紡織業,50000,"NT$3,353.12 萬元","NT$1,117.71 萬元",NT$558.85 萬元,"NT$2,850,151.00 萬元","NT$2,597,107.00 萬元","NT$44,455.00 萬元",0.12%,0.13%,7.54%
力麗企業股份有限公司,	07663290,3,"156,729.03",石化業,75000,"NT$2,451.87 萬元",NT$817.29 萬元,NT$408.65 萬元,"NT$814,911.00 萬元","NT$821,013.00 萬元","-NT$31,506.00 萬元",0.30%,0.30%,淨利為負值
台灣必成股份有限公司,22662355,1,"154,669.44",非金屬製品加工業,25000,"NT$3,890.08 萬元","NT$1,296.69 萬元",NT$648.35 萬元,#N/A,#N/A,#N/A,無法計算,無法計算,無法計算
富喬工業股份有限公司,16834268,2,"151,358.74",非金屬製品加工業,50000,"NT$3,040.76 萬元","NT$1,013.59 萬元",NT$506.79 萬元,"NT$319,992.00 萬元","NT$321,215.00 萬元","-NT$65,120.00 萬元",0.95%,0.95%,淨利為負值
中鋼鋁業股份有限公司,96971313,1,"147,580.24",鋁製造業,25000,"NT$3,677.41 萬元","NT$1,225.80 萬元",NT$612.90 萬元,#N/A,#N/A,#N/A,無法計算,無法計算,無法計算
華通電腦股份有限公司,	04401392,3,"145,462.96",電子業,75000,"NT$2,113.89 萬元",NT$704.63 萬元,NT$352.31 萬元,"NT$6,707,877.00 萬元","NT$5,695,198.00 萬元","NT$416,838.00 萬元",0.03%,0.04%,0.51%
燁輝企業股份有限公司,75947936,2,"145,362.35",鋼鐵業,50000,"NT$2,860.87 萬元",NT$953.62 萬元,NT$476.81 萬元,"NT$7,329,538.00 萬元","NT$6,658,449.00 萬元","-NT$145,317.00 萬元",0.04%,0.04%,淨利為負值
環球晶圓股份有限公司,28113286,2,"145,193.38",半導體業,50000,"NT$2,855.80 萬元",NT$951.93 萬元,NT$475.97 萬元,"NT$7,065,159.00 萬元","NT$4,421,103.00 萬元","NT$1,976,964.00 萬元",0.04%,0.06%,0.14%
穩懋半導體股份有限公司,70752257,3,"144,868.65",半導體業,75000,"NT$2,096.06 萬元",NT$698.69 萬元,NT$349.34 萬元,"NT$1,583,650.00 萬元","NT$1,236,733.00 萬元","-NT$55,798.00 萬元",0.13%,0.17%,淨利為負值
台橡股份有限公司,	03553737,1,"144,345.17",石化業,25000,"NT$3,580.36 萬元","NT$1,193.45 萬元",NT$596.73 萬元,"NT$3,142,689.00 萬元","NT$2,811,842.00 萬元","NT$96,693.00 萬元",0.11%,0.13%,3.70%
羅東鋼鐵廠股份有限公司,42010509,1,"143,939.85",鋼鐵業,25000,"NT$3,568.20 萬元","NT$1,189.40 萬元",NT$594.70 萬元,#N/A,#N/A,#N/A,無法計算,無法計算,無法計算
台灣聚合化學品股份有限公司,11917107,1,"142,391.27",石化業,25000,"NT$3,521.74 萬元","NT$1,173.91 萬元",NT$586.96 萬元,"NT$5,226,476.00 萬元","NT$4,665,849.00 萬元","-NT$190,664.00 萬元",0.07%,0.08%,淨利為負值
信昌化學工業股份有限公司,86120031,1,"138,448.47",石化業,25000,"NT$3,403.45 萬元","NT$1,134.48 萬元",NT$567.24 萬元,#N/A,#N/A,#N/A,無法計算,無法計算,無法計算
台灣志氯化學股份有限公司,22318516,1,"136,442.64",石化業,25000,"NT$3,343.28 萬元","NT$1,114.43 萬元",NT$557.21 萬元,#N/A,#N/A,#N/A,無法計算,無法計算,無法計算
台灣醋酸化學股份有限公司,80087041,1,"136,186.96",石化業,25000,"NT$3,335.61 萬元","NT$1,111.87 萬元",NT$555.93 萬元,#N/A,#N/A,#N/A,無法計算,無法計算,無法計算
頎邦科技股份有限公司,16130009,4,"135,476.18",半導體業,100000,"NT$1,064.29 萬元",NT$354.76 萬元,NT$177.38 萬元,"NT$2,005,639.00 萬元","NT$1,493,031.00 萬元","NT$399,464.00 萬元",0.05%,0.07%,0.27%
建順煉鋼股份有限公司,55695790,1,"129,585.38",鋼鐵業,25000,"NT$3,137.56 萬元","NT$1,045.85 萬元",NT$522.93 萬元,#N/A,#N/A,#N/A,無法計算,無法計算,無法計算
中聯資源股份有限公司,86119908,3,"129,511.28",非金屬製品加工業,75000,"NT$1,635.34 萬元",NT$545.11 萬元,NT$272.56 萬元,"NT$1,239,490.00 萬元","NT$1,083,873.00 萬元","NT$85,801.00 萬元",0.13%,0.15%,1.91%
台灣茂矽電子股份有限公司,22099110,1,"125,937.23",半導體業,25000,"NT$3,028.12 萬元","NT$1,009.37 萬元",NT$504.69 萬元,"NT$148,311.00 萬元","NT$141,844.00 萬元","-NT$17,671.00 萬元",2.04%,2.13%,淨利為負值
台南紡織股份有限公司,68919301,2,"123,999.30",石化業,50000,"NT$2,219.98 萬元",NT$739.99 萬元,NT$370.00 萬元,"NT$1,944,521.00 萬元","NT$1,884,489.00 萬元","NT$219,073.00 萬元",0.11%,0.12%,1.01%
台灣福雷電子股份有限公司,22100242,2,"118,894.17",半導體業,50000,"NT$2,066.83 萬元",NT$688.94 萬元,NT$344.47 萬元,#N/A,#N/A,#N/A,無法計算,無法計算,無法計算
精材科技股份有限公司,16741846,3,"118,492.83",電子業,75000,"NT$1,304.78 萬元",NT$434.93 萬元,NT$217.46 萬元,"NT$638,687.00 萬元","NT$420,766.00 萬元","NT$137,577.00 萬元",0.20%,0.31%,0.95%
福懋科技股份有限公司,23826736,1,"112,003.28",半導體業,25000,"NT$2,610.10 萬元",NT$870.03 萬元,NT$435.02 萬元,"NT$764,859.00 萬元","NT$704,569.00 萬元","NT$53,022.00 萬元",0.34%,0.37%,4.92%
集盛實業股份有限公司,43295237,3,"110,625.59",紡織業,75000,"NT$1,068.77 萬元",NT$356.26 萬元,NT$178.13 萬元,"NT$774,059.00 萬元","NT$788,971.00 萬元","-NT$24,016.00 萬元",0.14%,0.14%,淨利為負值
永豐餘消費品實業股份有限公司,22327037,2,"109,560.84",造紙業,50000,"NT$1,786.83 萬元",NT$595.61 萬元,NT$297.80 萬元,"NT$1,026,480.00 萬元","NT$764,146.00 萬元","NT$97,160.00 萬元",0.17%,0.23%,1.84%
亞洲聚合股份有限公司,20747385,1,"107,965.08",石化業,25000,"NT$2,488.95 萬元",NT$829.65 萬元,NT$414.83 萬元,"NT$671,713.00 萬元","NT$557,113.00 萬元","NT$11,628.00 萬元",0.37%,0.45%,21.40%
華夏海灣塑膠股份有限公司,11686106,1,"104,626.60",石化業,25000,"NT$2,388.80 萬元",NT$796.27 萬元,NT$398.13 萬元,"NT$1,370,731.00 萬元","NT$1,203,054.00 萬元","NT$39,367.00 萬元",0.17%,0.20%,6.07%
金居開發股份有限公司,16447610,2,"104,357.19",銅製造業,50000,"NT$1,630.72 萬元",NT$543.57 萬元,NT$271.79 萬元,"NT$616,950.00 萬元","NT$528,572.00 萬元","NT$53,291.00 萬元",0.26%,0.31%,3.06%
廣源造紙股份有限公司,50301500,1,"103,831.75",造紙業,25000,"NT$2,364.95 萬元",NT$788.32 萬元,NT$394.16 萬元,#N/A,#N/A,#N/A,無法計算,無法計算,無法計算
華夏玻璃股份有限公司,47109348,1,"102,151.53",非金屬製品加工業,25000,"NT$2,314.55 萬元",NT$771.52 萬元,NT$385.76 萬元,#N/A,#N/A,#N/A,無法計算,無法計算,無法計算
超豐電子股份有限公司,	05126366,2,"101,002.75",半導體業,50000,"NT$1,530.08 萬元",NT$510.03 萬元,NT$255.01 萬元,"NT$1,357,008.00 萬元","NT$1,074,011.00 萬元","NT$199,662.00 萬元",0.11%,0.14%,0.77%
大統益股份有限公司,20927014,1,"100,777.33",食品業,25000,"NT$2,273.32 萬元",NT$757.77 萬元,NT$378.89 萬元,"NT$2,356,035.00 萬元","NT$2,103,510.00 萬元","NT$125,374.00 萬元",0.10%,0.11%,1.81%
裕鐵企業股份有限公司,85978401,2,"97,696.59",鋼鐵業,50000,"NT$1,430.90 萬元",NT$476.97 萬元,NT$238.48 萬元,#N/A,#N/A,#N/A,無法計算,無法計算,無法計算
聯成鋼鐵股份有限公司,22822748,1,"97,279.52",鋼鐵業,25000,"NT$2,168.39 萬元",NT$722.80 萬元,NT$361.40 萬元,#N/A,#N/A,#N/A,無法計算,無法計算,無法計算
宏遠興業股份有限公司,22817999,1,"95,849.40",紡織業,25000,"NT$2,125.48 萬元",NT$708.49 萬元,NT$354.25 萬元,"NT$783,864.00 萬元","NT$753,294.00 萬元","-NT$121,197.00 萬元",0.27%,0.28%,淨利為負值
台灣銅箔股份有限公司,61932639,1,"95,837.29",銅製造業,25000,"NT$2,125.12 萬元",NT$708.37 萬元,NT$354.19 萬元,#N/A,#N/A,#N/A,無法計算,無法計算,無法計算
冠軍建材股份有限公司,49701774,1,"88,416.84",非金屬製品加工業,25000,"NT$1,902.51 萬元",NT$634.17 萬元,NT$317.08 萬元,"NT$313,766.00 萬元","NT$223,235.00 萬元",NT$41.00 萬元,0.61%,0.85%,4640.26%
高雄塑酯化學工業股份有限公司,85803825,1,"87,789.50",石化業,25000,"NT$1,883.69 萬元",NT$627.90 萬元,NT$313.95 萬元,#N/A,#N/A,#N/A,無法計算,無法計算,無法計算
燿華電子股份有限公司,	05637971,2,"87,482.71",電子業,50000,"NT$1,124.48 萬元",NT$374.83 萬元,NT$187.41 萬元,"NT$1,496,082.00 萬元","NT$1,360,682.00 萬元","-NT$34,424.00 萬元",0.08%,0.08%,淨利為負值
唐榮鐵工廠股份有限公司,75460005,1,"86,380.27",鋼鐵業,25000,"NT$1,841.41 萬元",NT$613.80 萬元,NT$306.90 萬元,"NT$1,070,664.00 萬元","NT$1,157,095.00 萬元","-NT$112,532.00 萬元",0.17%,0.16%,淨利為負值
台灣石化合成股份有限公司,30974253,1,"84,843.90",石化業,25000,"NT$1,795.32 萬元",NT$598.44 萬元,NT$299.22 萬元,#N/A,#N/A,#N/A,無法計算,無法計算,無法計算
中鋼碳素化學股份有限公司,23221384,1,"83,693.76",石化業,25000,"NT$1,760.81 萬元",NT$586.94 萬元,NT$293.47 萬元,"NT$831,768.00 萬元","NT$622,177.00 萬元","NT$143,628.00 萬元",0.21%,0.28%,1.23%
金像電子股份有限公司,30955404,1,"83,259.20",電子業,25000,"NT$1,747.78 萬元",NT$582.59 萬元,NT$291.30 萬元,#N/A,#N/A,#N/A,無法計算,無法計算,無法計算
台灣鋼聯股份有限公司,89528054,1,"82,523.04",石化業,25000,"NT$1,725.69 萬元",NT$575.23 萬元,NT$287.62 萬元,"NT$204,144.00 萬元","NT$116,777.00 萬元","NT$50,462.00 萬元",0.85%,1.48%,3.42%
三義化學工業股份有限公司,23827741,1,"80,683.78",石化業,25000,"NT$1,670.51 萬元",NT$556.84 萬元,NT$278.42 萬元,#N/A,#N/A,#N/A,無法計算,無法計算,無法計算
正新橡膠工業股份有限公司,59504506,2,"79,551.45",石化業,50000,NT$886.54 萬元,NT$295.51 萬元,NT$147.76 萬元,"NT$9,620,131.00 萬元","NT$7,281,263.00 萬元","NT$719,796.00 萬元",0.01%,0.01%,0.12%
艾克爾國際科技股份有限公司,16631664,2,"78,213.33",半導體業,50000,NT$846.40 萬元,NT$282.13 萬元,NT$141.07 萬元,#N/A,#N/A,#N/A,無法計算,無法計算,無法計算
環球橡膠股份有限公司,29058640,1,"77,863.80",石化業,25000,"NT$1,585.91 萬元",NT$528.64 萬元,NT$264.32 萬元,#N/A,#N/A,#N/A,無法計算,無法計算,無法計算
南中石化工業股份有限公司,97161348,1,"77,711.63",石化業,25000,"NT$1,581.35 萬元",NT$527.12 萬元,NT$263.56 萬元,#N/A,#N/A,#N/A,無法計算,無法計算,無法計算
統一企業股份有限公司,73251209,2,"77,562.29",食品業,50000,NT$826.87 萬元,NT$275.62 萬元,NT$137.81 萬元,"NT$58,110,294.00 萬元","NT$39,328,924.00 萬元","NT$3,028,615.00 萬元",0.00%,0.00%,0.03%
晶元光電股份有限公司,84149786,3,"77,385.86",光電業,75000,NT$71.58 萬元,NT$23.86 萬元,NT$11.93 萬元,#N/A,#N/A,#N/A,無法計算,無法計算,無法計算
台灣寶理塑膠股份有限公司,22853994,1,"76,559.93",石化業,25000,"NT$1,546.80 萬元",NT$515.60 萬元,NT$257.80 萬元,#N/A,#N/A,#N/A,無法計算,無法計算,無法計算
統一實業股份有限公司,73252657,1,"76,338.59",鋼鐵業,25000,"NT$1,540.16 萬元",NT$513.39 萬元,NT$256.69 萬元,"NT$3,524,020.00 萬元","NT$3,190,008.00 萬元","NT$59,490.00 萬元",0.04%,0.05%,2.59%
國巨股份有限公司,22636630,2,"75,048.35",電子業,50000,NT$751.45 萬元,NT$250.48 萬元,NT$125.24 萬元,"NT$10,760,934.00 萬元","NT$7,158,351.00 萬元","NT$1,756,059.00 萬元",0.01%,0.01%,0.04%
盛餘股份有限公司,79837539,1,"74,472.23",鋼鐵業,25000,"NT$1,484.17 萬元",NT$494.72 萬元,NT$247.36 萬元,"NT$1,238,916.00 萬元","NT$1,103,083.00 萬元","NT$63,072.00 萬元",0.12%,0.13%,2.35%
晶兆成科技股份有限公司,28438025,2,"72,087.01",半導體業,50000,NT$662.61 萬元,NT$220.87 萬元,NT$110.44 萬元,#N/A,#N/A,#N/A,無法計算,無法計算,無法計算
華泰電子股份有限公司,89004161,2,"71,037.46",電子業,50000,NT$631.12 萬元,NT$210.37 萬元,NT$105.19 萬元,"NT$1,669,044.00 萬元","NT$1,337,514.00 萬元","NT$188,121.00 萬元",0.04%,0.05%,0.34%
晉瑜企業股份有限公司,89939090,2,"69,771.89",水泥業,50000,NT$593.16 萬元,NT$197.72 萬元,NT$98.86 萬元,#N/A,#N/A,#N/A,無法計算,無法計算,無法計算
元隆電子股份有限公司,22099174,1,"68,999.59",半導體業,25000,"NT$1,319.99 萬元",NT$440.00 萬元,NT$220.00 萬元,"NT$98,761.00 萬元","NT$111,186.00 萬元","-NT$23,000.00 萬元",1.34%,1.19%,淨利為負值
和益化學工業股份有限公司,	04312878,1,"67,652.71",石化業,25000,"NT$1,279.58 萬元",NT$426.53 萬元,NT$213.26 萬元,"NT$943,229.00 萬元","NT$827,660.00 萬元","NT$41,172.00 萬元",0.14%,0.15%,3.11%
中興紡織廠股份有限公司,35082604,1,"65,538.47",石化業,25000,"NT$1,216.15 萬元",NT$405.38 萬元,NT$202.69 萬元,"NT$531,360.00 萬元","NT$493,423.00 萬元","-NT$49,212.00 萬元",0.23%,0.25%,淨利為負值
台硝股份有限公司,38033305,1,"63,984.01",石化業,25000,"NT$1,169.52 萬元",NT$389.84 萬元,NT$194.92 萬元,#N/A,#N/A,#N/A,無法計算,無法計算,無法計算
合晶科技股份有限公司,16138282,2,"63,725.82",半導體業,50000,NT$411.77 萬元,NT$137.26 萬元,NT$68.63 萬元,"NT$1,004,781.00 萬元","NT$680,131.00 萬元","NT$110,827.00 萬元",0.04%,0.06%,0.37%
得力實業股份有限公司,73686632,1,"63,307.12",紡織業,25000,"NT$1,149.21 萬元",NT$383.07 萬元,NT$191.54 萬元,"NT$983,003.00 萬元","NT$828,064.00 萬元","NT$11,591.00 萬元",0.12%,0.14%,9.91%
台灣恩智浦半導體股份有限公司,89002500,1,"63,083.91",半導體業,25000,"NT$1,142.52 萬元",NT$380.84 萬元,NT$190.42 萬元,#N/A,#N/A,#N/A,無法計算,無法計算,無法計算
漢磊科技股份有限公司,54389725,3,"62,555.19",半導體業,75000,免徵,免徵,免徵,"NT$708,022.00 萬元","NT$627,073.00 萬元","NT$13,620.00 萬元",無法計算,無法計算,無法計算
台灣糖業股份有限公司,	03794905,1,"62,528.51",食品業,25000,"NT$1,125.86 萬元",NT$375.29 萬元,NT$187.64 萬元,"NT$3,018,722.00 萬元","NT$2,357,869.00 萬元","NT$448,748.00 萬元",0.04%,0.05%,0.25%
台塑科騰化學有限公司,53667030,1,"61,997.85",石化業,25000,"NT$1,109.94 萬元",NT$369.98 萬元,NT$184.99 萬元,#N/A,#N/A,#N/A,無法計算,無法計算,無法計算
新科光電材料股份有限公司,27366467,1,"60,630.88",石化業,25000,"NT$1,068.93 萬元",NT$356.31 萬元,NT$178.15 萬元,#N/A,#N/A,#N/A,無法計算,無法計算,無法計算
龍慶鋼鐵企業股份有限公司,85793919,1,"60,183.35",鋼鐵業,25000,"NT$1,055.50 萬元",NT$351.83 萬元,NT$175.92 萬元,#N/A,#N/A,#N/A,無法計算,無法計算,無法計算
立安東化工股份有限公司,20939460,1,"60,073.61",石化業,25000,"NT$1,052.21 萬元",NT$350.74 萬元,NT$175.37 萬元,#N/A,#N/A,#N/A,無法計算,無法計算,無法計算
勝一化工股份有限公司,75970680,2,"59,136.40",石化業,50000,NT$274.09 萬元,NT$91.36 萬元,NT$45.68 萬元,"NT$985,291.00 萬元","NT$669,729.00 萬元","NT$157,846.00 萬元",0.03%,0.04%,0.17%
李長榮科技股份有限公司,97173920,1,"58,722.90",銅製造業,25000,"NT$1,011.69 萬元",NT$337.23 萬元,NT$168.61 萬元,"NT$355,797.00 萬元","NT$359,875.00 萬元","-NT$13,377.00 萬元",0.28%,0.28%,淨利為負值
敬鵬工業股份有限公司,43816068,2,"58,414.40",電子業,50000,NT$252.43 萬元,NT$84.14 萬元,NT$42.07 萬元,"NT$1,674,942.00 萬元","NT$1,455,983.00 萬元","NT$76,275.00 萬元",0.02%,0.02%,0.33%
先豐通訊股份有限公司,22554807,1,"57,829.49",電子業,25000,NT$984.88 萬元,NT$328.29 萬元,NT$164.15 萬元,#N/A,#N/A,#N/A,無法計算,無法計算,無法計算
華東科技股份有限公司,22101116,1,"56,593.06",半導體業,25000,NT$947.79 萬元,NT$315.93 萬元,NT$157.97 萬元,"NT$727,607.00 萬元","NT$714,400.00 萬元","-NT$11,265.00 萬元",0.13%,0.13%,淨利為負值
合眾紙業股份有限公司,	04380087,1,"56,007.74",造紙業,25000,NT$930.23 萬元,NT$310.08 萬元,NT$155.04 萬元,#N/A,#N/A,#N/A,無法計算,無法計算,無法計算
聯華氣體工業股份有限公司,	05258865,1,"55,955.89",石化業,25000,NT$928.68 萬元,NT$309.56 萬元,NT$154.78 萬元,#N/A,#N/A,#N/A,無法計算,無法計算,無法計算
華新科技股份有限公司,19004316,2,"55,941.60",電子業,50000,NT$178.25 萬元,NT$59.42 萬元,NT$29.71 萬元,"NT$3,279,767.00 萬元","NT$2,696,052.00 萬元","NT$265,792.00 萬元",0.01%,0.01%,0.07%
東盟開發實業股份有限公司,88121697,1,"55,475.48",鋼鐵業,25000,NT$914.26 萬元,NT$304.75 萬元,NT$152.38 萬元,"NT$894,351.00 萬元","NT$898,295.00 萬元","-NT$31,201.00 萬元",0.10%,0.10%,淨利為負值
中環股份有限公司,12205020,1,"54,694.42",電子業,25000,NT$890.83 萬元,NT$296.94 萬元,NT$148.47 萬元,"NT$738,445.00 萬元","NT$572,423.00 萬元","NT$175,924.00 萬元",0.12%,0.16%,0.51%
東南實業股份有限公司,11384405,1,"54,159.56",石化業,25000,NT$874.79 萬元,NT$291.60 萬元,NT$145.80 萬元,"NT$587,918.00 萬元","NT$501,965.00 萬元","-NT$2,846.00 萬元",0.15%,0.17%,淨利為負值
義美食品股份有限公司,11768704,1,"53,860.66",食品業,25000,NT$865.82 萬元,NT$288.61 萬元,NT$144.30 萬元,#N/A,#N/A,#N/A,無法計算,無法計算,無法計算
新唐科技股份有限公司,28112646,1,"53,757.02",半導體業,25000,NT$862.71 萬元,NT$287.57 萬元,NT$143.79 萬元,"NT$3,534,815.00 萬元","NT$2,100,550.00 萬元","NT$242,043.00 萬元",0.02%,0.04%,0.36%
聯成化學科技股份有限公司,	04748660,1,"51,543.54",石化業,25000,NT$796.31 萬元,NT$265.44 萬元,NT$132.72 萬元,"NT$7,319,605.00 萬元","NT$7,098,864.00 萬元","-NT$28,283.00 萬元",0.01%,0.01%,淨利為負值
台日古河銅箔股份有限公司,97168665,1,"51,120.88",銅製造業,25000,NT$783.63 萬元,NT$261.21 萬元,NT$130.60 萬元,#N/A,#N/A,#N/A,無法計算,無法計算,無法計算
合興石化工業股份有限公司,23531178,1,"50,724.46",石化業,25000,NT$771.73 萬元,NT$257.24 萬元,NT$128.62 萬元,#N/A,#N/A,#N/A,無法計算,無法計算,無法計算
福隆玻璃纖維股份有限公司,22663571,1,"49,849.95",非金屬製品加工業,25000,NT$745.50 萬元,NT$248.50 萬元,NT$124.25 萬元,#N/A,#N/A,#N/A,無法計算,無法計算,無法計算
大享容器工業股份有限公司,46007218,1,"48,125.09",非金屬製品加工業,25000,NT$693.75 萬元,NT$231.25 萬元,NT$115.63 萬元,#N/A,#N/A,#N/A,無法計算,無法計算,無法計算
德州儀器工業股份有限公司,33405832,1,"47,920.69",半導體業,25000,NT$687.62 萬元,NT$229.21 萬元,NT$114.60 萬元,#N/A,#N/A,#N/A,無法計算,無法計算,無法計算
台灣通用器材股份有限公司,38119936,1,"47,916.20",半導體業,25000,NT$687.49 萬元,NT$229.16 萬元,NT$114.58 萬元,#N/A,#N/A,#N/A,無法計算,無法計算,無法計算
味丹企業股份有限公司,56121907,1,"47,645.00",食品業,25000,NT$679.35 萬元,NT$226.45 萬元,NT$113.23 萬元,#N/A,#N/A,#N/A,無法計算,無法計算,無法計算
漢泰鋼鐵廠股份有限公司,75688109,1,"46,990.03",鋼鐵業,25000,NT$659.70 萬元,NT$219.90 萬元,NT$109.95 萬元,#N/A,#N/A,#N/A,無法計算,無法計算,無法計算
聯穎光電股份有限公司,53170263,1,"46,705.12",半導體業,25000,NT$651.15 萬元,NT$217.05 萬元,NT$108.53 萬元,#N/A,#N/A,#N/A,無法計算,無法計算,無法計算
誠美材料科技股份有限公司,27790294,1,"46,382.84",光電業,25000,NT$641.49 萬元,NT$213.83 萬元,NT$106.91 萬元,"NT$923,766.00 萬元","NT$887,265.00 萬元","-NT$58,096.00 萬元",0.07%,0.07%,淨利為負值
中聯油脂股份有限公司,89480404,1,"46,277.12",食品業,25000,NT$638.31 萬元,NT$212.77 萬元,NT$106.39 萬元,"NT$1,133,527.00 萬元","NT$1,098,273.00 萬元","NT$16,065.00 萬元",0.06%,0.06%,3.97%
宏捷科技股份有限公司,16130423,1,"46,239.24",半導體業,25000,NT$637.18 萬元,NT$212.39 萬元,NT$106.20 萬元,"NT$272,310.00 萬元","NT$230,837.00 萬元","NT$8,273.00 萬元",0.23%,0.28%,7.70%
精金科技股份有限公司,70750217,1,"45,640.33",光電業,25000,NT$619.21 萬元,NT$206.40 萬元,NT$103.20 萬元,"NT$133,183.00 萬元","NT$215,150.00 萬元","-NT$95,117.00 萬元",0.46%,0.29%,淨利為負值
台燿科技股份有限公司,	04226091,1,"45,464.26",電子業,25000,NT$613.93 萬元,NT$204.64 萬元,NT$102.32 萬元,"NT$1,600,254.00 萬元","NT$1,284,356.00 萬元","NT$82,344.00 萬元",0.04%,0.05%,0.75%
住華科技股份有限公司,70848177,1,"43,815.22",電子業,25000,NT$564.46 萬元,NT$188.15 萬元,NT$94.08 萬元,#N/A,#N/A,#N/A,無法計算,無法計算,無法計算
藍海氣體工業股份有限公司,28438186,1,"43,581.91",石化業,25000,NT$557.46 萬元,NT$185.82 萬元,NT$92.91 萬元,#N/A,#N/A,#N/A,無法計算,無法計算,無法計算
台塑旭彈性纖維股份有限公司,16446128,1,"43,544.72",石化業,25000,NT$556.34 萬元,NT$185.45 萬元,NT$92.72 萬元,#N/A,#N/A,#N/A,無法計算,無法計算,無法計算
元晶太陽能科技股份有限公司,28997300,1,"43,389.37",光電業,25000,NT$551.68 萬元,NT$183.89 萬元,NT$91.95 萬元,"NT$826,095.00 萬元","NT$698,671.00 萬元","NT$52,726.00 萬元",0.07%,0.08%,1.05%
日皓造紙工業股份有限公司,24001900,1,"42,095.80",造紙業,25000,NT$512.87 萬元,NT$170.96 萬元,NT$85.48 萬元,#N/A,#N/A,#N/A,無法計算,無法計算,無法計算
新隆纖維染整股份有限公司,	07472834,1,"42,063.17",紡織業,25000,NT$511.90 萬元,NT$170.63 萬元,NT$85.32 萬元,#N/A,#N/A,#N/A,無法計算,無法計算,無法計算
采鈺科技股份有限公司,80601119,2,"41,970.21",電子業,50000,免徵,免徵,免徵,"NT$723,693.00 萬元","NT$602,258.00 萬元","NT$35,608.00 萬元",無法計算,無法計算,無法計算
巧新科技工業股份有限公司,84980915,1,"41,908.52",鋁製造業,25000,NT$507.26 萬元,NT$169.09 萬元,NT$84.54 萬元,"NT$777,932.00 萬元","NT$604,490.00 萬元","NT$60,844.00 萬元",0.07%,0.08%,0.83%
餘慶堂興業股份有限公司,28730458,1,"41,399.65",水泥業,25000,NT$491.99 萬元,NT$164.00 萬元,NT$82.00 萬元,#N/A,#N/A,#N/A,無法計算,無法計算,無法計算
盧森堡商達爾國際股份有限公司,51158518,2,"40,586.04",半導體業,50000,免徵,免徵,免徵,#N/A,#N/A,#N/A,無法計算,無法計算,無法計算
六和機械股份有限公司,44528635,1,"40,337.86",汽機車業,25000,NT$460.14 萬元,NT$153.38 萬元,NT$76.69 萬元,#N/A,#N/A,#N/A,無法計算,無法計算,無法計算
矽格股份有限公司,23218022,1,"40,326.73",半導體業,25000,NT$459.80 萬元,NT$153.27 萬元,NT$76.63 萬元,"NT$1,547,950.00 萬元","NT$1,190,074.00 萬元","NT$213,851.00 萬元",0.03%,0.04%,0.22%
名佳利金屬工業股份有限公司,45018531,2,"40,219.90",銅製造業,50000,免徵,免徵,免徵,#N/A,#N/A,#N/A,無法計算,無法計算,無法計算
聯合再生能源股份有限公司,27763753,2,"40,135.27",光電業,50000,免徵,免徵,免徵,"NT$1,251,623.00 萬元","NT$1,428,409.00 萬元","-NT$391,496.00 萬元",無法計算,無法計算,淨利為負值
晶碩光學股份有限公司,25021158,1,"39,959.65",眼鏡製造業,25000,NT$448.79 萬元,NT$149.60 萬元,NT$74.80 萬元,"NT$678,986.00 萬元","NT$312,158.00 萬元","NT$167,793.00 萬元",0.07%,0.14%,0.27%
萬洲化學股份有限公司,	03244705,1,"39,754.32",石化業,25000,NT$442.63 萬元,NT$147.54 萬元,NT$73.77 萬元,#N/A,#N/A,#N/A,無法計算,無法計算,無法計算
南港輪胎股份有限公司,11520909,1,"38,973.45",石化業,25000,NT$419.20 萬元,NT$139.73 萬元,NT$69.87 萬元,"NT$785,197.00 萬元","NT$629,838.00 萬元","NT$13,401.00 萬元",0.05%,0.07%,3.13%
台榮產業股份有限公司,	03543210,1,"38,842.05",碾穀、磨粉及澱粉製品製造業,25000,NT$415.26 萬元,NT$138.42 萬元,NT$69.21 萬元,"NT$329,389.00 萬元","NT$285,580.00 萬元","NT$15,782.00 萬元",0.13%,0.15%,2.63%
國瑞汽車股份有限公司,12488060,1,"38,699.37",汽機車業,25000,NT$410.98 萬元,NT$136.99 萬元,NT$68.50 萬元,#N/A,#N/A,#N/A,無法計算,無法計算,無法計算
台達化學工業股份有限公司,11893409,1,"38,292.50",石化業,25000,NT$398.78 萬元,NT$132.93 萬元,NT$66.46 萬元,"NT$1,520,546.00 萬元","NT$1,476,989.00 萬元","-NT$27,354.00 萬元",0.03%,0.03%,淨利為負值
上銀科技股份有限公司,23503047,1,"37,750.58",金屬加工用機械設備製造業,25000,NT$382.52 萬元,NT$127.51 萬元,NT$63.75 萬元,"NT$2,463,277.00 萬元","NT$1,697,752.00 萬元","NT$183,151.00 萬元",0.02%,0.02%,0.21%
台灣卜蜂企業股份有限公司,36514783,1,"37,423.87",食品業,25000,NT$372.72 萬元,NT$124.24 萬元,NT$62.12 萬元,"NT$2,915,975.00 萬元","NT$2,415,775.00 萬元","NT$225,644.00 萬元",0.01%,0.02%,0.17%
友達晶材股份有限公司,24410807,1,"37,147.04",光電業,25000,NT$364.41 萬元,NT$121.47 萬元,NT$60.74 萬元,#N/A,#N/A,#N/A,無法計算,無法計算,無法計算
達輝光電股份有限公司,28230046,1,"37,057.70",光電業,25000,NT$361.73 萬元,NT$120.58 萬元,NT$60.29 萬元,"NT$117,426.00 萬元","NT$127,922.00 萬元","-NT$19,840.00 萬元",0.31%,0.28%,淨利為負值
三陽工業股份有限公司,24004006,1,"36,957.84",汽機車業,25000,NT$358.74 萬元,NT$119.58 萬元,NT$59.79 萬元,"NT$6,446,124.00 萬元","NT$5,105,112.00 萬元","NT$666,339.00 萬元",0.01%,0.01%,0.05%
東隆興業股份有限公司,18770509,2,"36,235.44",紡織業,50000,免徵,免徵,免徵,"NT$281,825.00 萬元","NT$264,664.00 萬元","-NT$1,215.00 萬元",無法計算,無法計算,淨利為負值
安瀚視特股份有限公司,70781345,1,"36,225.47",非金屬製品加工業,25000,NT$336.76 萬元,NT$112.25 萬元,NT$56.13 萬元,#N/A,#N/A,#N/A,無法計算,無法計算,無法計算
三洋窯業股份有限公司,34263157,1,"36,224.62",非金屬製品加工業,25000,NT$336.74 萬元,NT$112.25 萬元,NT$56.12 萬元,#N/A,#N/A,#N/A,無法計算,無法計算,無法計算
宏全國際股份有限公司,58176511,1,"35,957.71",鋼鐵業,25000,NT$328.73 萬元,NT$109.58 萬元,NT$54.79 萬元,"NT$2,640,921.00 萬元","NT$2,078,910.00 萬元","NT$255,999.00 萬元",0.01%,0.02%,0.13%
台耀化學股份有限公司,96922622,1,"35,349.44",石化業,25000,NT$310.48 萬元,NT$103.49 萬元,NT$51.75 萬元,"NT$436,045.00 萬元","NT$243,712.00 萬元","-NT$5,226.00 萬元",0.07%,0.13%,淨利為負值
鴻揚半導體股份有限公司,90505585,1,"35,031.68",半導體業,25000,NT$300.95 萬元,NT$100.32 萬元,NT$50.16 萬元,#N/A,#N/A,#N/A,無法計算,無法計算,無法計算
環球水泥股份有限公司,	07568009,1,"34,845.22",水泥業,25000,NT$295.36 萬元,NT$98.45 萬元,NT$49.23 萬元,"NT$780,236.00 萬元","NT$626,022.00 萬元","NT$234,725.00 萬元",0.04%,0.05%,0.13%
台灣國際造船股份有限公司,	04695235,1,"34,260.33",造船業,25000,NT$277.81 萬元,NT$92.60 萬元,NT$46.30 萬元,"NT$2,147,637.00 萬元","NT$2,388,768.00 萬元","-NT$405,092.00 萬元",0.01%,0.01%,淨利為負值
大同染整股份有限公司,	07014916,1,"34,251.79",紡織業,25000,NT$277.55 萬元,NT$92.52 萬元,NT$46.26 萬元,#N/A,#N/A,#N/A,無法計算,無法計算,無法計算
科德寶遠東股份有限公司,22663158,1,"34,066.55",紡織業,25000,NT$272.00 萬元,NT$90.67 萬元,NT$45.33 萬元,#N/A,#N/A,#N/A,無法計算,無法計算,無法計算
錦美紙業股份有限公司,34175598,1,"33,756.03",造紙業,25000,NT$262.68 萬元,NT$87.56 萬元,NT$43.78 萬元,#N/A,#N/A,#N/A,無法計算,無法計算,無法計算
怡華實業股份有限公司,33144175,1,"33,730.26",紡織業,25000,NT$261.91 萬元,NT$87.30 萬元,NT$43.65 萬元,"NT$168,490.00 萬元","NT$112,222.00 萬元",NT$508.00 萬元,0.16%,0.23%,51.56%
遠東氣體工業股份有限公司,22956507,1,"33,414.13",石化業,25000,NT$252.42 萬元,NT$84.14 萬元,NT$42.07 萬元,#N/A,#N/A,#N/A,無法計算,無法計算,無法計算
紡安股份有限公司,25131486,1,"33,381.23",紡織業,25000,NT$251.44 萬元,NT$83.81 萬元,NT$41.91 萬元,#N/A,#N/A,#N/A,無法計算,無法計算,無法計算
環泰企業股份有限公司,12529007,1,"32,769.62",食品業,25000,NT$233.09 萬元,NT$77.70 萬元,NT$38.85 萬元,"NT$533,922.00 萬元","NT$459,267.00 萬元","NT$30,470.00 萬元",0.04%,0.05%,0.76%
達邁科技股份有限公司,70776899,1,"32,466.63",電子業,25000,NT$224.00 萬元,NT$74.67 萬元,NT$37.33 萬元,"NT$159,302.00 萬元","NT$135,166.00 萬元","-NT$15,349.00 萬元",0.14%,0.17%,淨利為負值
國聯矽業化學股份有限公司,36550632,1,"32,133.49",石化業,25000,NT$214.00 萬元,NT$71.33 萬元,NT$35.67 萬元,#N/A,#N/A,#N/A,無法計算,無法計算,無法計算
台合科技股份有限公司,12691423,1,"32,000.77",石化業,25000,NT$210.02 萬元,NT$70.01 萬元,NT$35.00 萬元,#N/A,#N/A,#N/A,無法計算,無法計算,無法計算
台星科股份有限公司,70552666,1,"31,960.87",電子業,25000,NT$208.83 萬元,NT$69.61 萬元,NT$34.80 萬元,"NT$366,782.00 萬元","NT$256,428.00 萬元","NT$83,984.00 萬元",0.06%,0.08%,0.25%
金車股份有限公司,	05007903,1,"31,717.24",食品業,25000,NT$201.52 萬元,NT$67.17 萬元,NT$33.59 萬元,#N/A,#N/A,#N/A,無法計算,無法計算,無法計算
連大興有限公司,80445899,1,"31,442.73",紡織業,25000,NT$193.28 萬元,NT$64.43 萬元,NT$32.21 萬元,#N/A,#N/A,#N/A,無法計算,無法計算,無法計算
長興材料工業股份有限公司,75339004,1,"31,334.93",石化業,25000,NT$190.05 萬元,NT$63.35 萬元,NT$31.67 萬元,"NT$4,245,158.00 萬元","NT$3,430,431.00 萬元","NT$149,210.00 萬元",0.00%,0.01%,0.13%
東齊染整股份有限公司,54796568,1,"30,654.32",紡織業,25000,NT$169.63 萬元,NT$56.54 萬元,NT$28.27 萬元,#N/A,#N/A,#N/A,無法計算,無法計算,無法計算
旭德科技股份有限公司,16638110,1,"30,641.43",電子業,25000,NT$169.24 萬元,NT$56.41 萬元,NT$28.21 萬元,#N/A,#N/A,#N/A,無法計算,無法計算,無法計算
台豐印刷電路工業股份有限公司,11833698,1,"30,601.21",電子業,25000,NT$168.04 萬元,NT$56.01 萬元,NT$28.01 萬元,#N/A,#N/A,#N/A,無法計算,無法計算,無法計算
曜智實業股份有限公司,12617727,1,"30,520.60",紡織業,25000,NT$165.62 萬元,NT$55.21 萬元,NT$27.60 萬元,#N/A,#N/A,#N/A,無法計算,無法計算,無法計算
楠梓電子股份有限公司,76026851,1,"30,187.97",電子業,25000,NT$155.64 萬元,NT$51.88 萬元,NT$25.94 萬元,"NT$351,594.00 萬元","NT$379,084.00 萬元","NT$83,561.00 萬元",0.04%,0.04%,0.19%
白馬窯業股份有限公司,34258318,1,"29,800.23",非金屬製品加工業,25000,NT$144.01 萬元,NT$48.00 萬元,NT$24.00 萬元,#N/A,#N/A,#N/A,無法計算,無法計算,無法計算
台亞半導體股份有限公司,47255947,1,"29,470.95",半導體業,25000,NT$134.13 萬元,NT$44.71 萬元,NT$22.35 萬元,"NT$397,228.00 萬元","NT$304,185.00 萬元","NT$30,390.00 萬元",0.03%,0.04%,0.44%
欣銓科技股份有限公司,70751779,1,"29,209.67",半導體業,25000,NT$126.29 萬元,NT$42.10 萬元,NT$21.05 萬元,"NT$1,405,224.00 萬元","NT$917,870.00 萬元","NT$274,626.00 萬元",0.01%,0.01%,0.05%
台灣史谷脫紙業股份有限公司,11820053,1,"29,187.48",造紙業,25000,NT$125.62 萬元,NT$41.87 萬元,NT$20.94 萬元,#N/A,#N/A,#N/A,無法計算,無法計算,無法計算
矽格聯測股份有限公司,84149456,1,"28,846.04",半導體業,25000,NT$115.38 萬元,NT$38.46 萬元,NT$19.23 萬元,#N/A,#N/A,#N/A,無法計算,無法計算,無法計算
豐年豐和企業股份有限公司,16635562,1,"28,841.94",食品業,25000,NT$115.26 萬元,NT$38.42 萬元,NT$19.21 萬元,#N/A,#N/A,#N/A,無法計算,無法計算,無法計算
欣建工業股份有限公司,28042430,1,"28,783.08",鋼鐵業,25000,NT$113.49 萬元,NT$37.83 萬元,NT$18.92 萬元,#N/A,#N/A,#N/A,無法計算,無法計算,無法計算
能元科技股份有限公司,16441469,1,"28,685.76",電池製造業,25000,NT$110.57 萬元,NT$36.86 萬元,NT$18.43 萬元,#N/A,#N/A,#N/A,無法計算,無法計算,無法計算
美商蘋果電子股份有限公司,54393468,2,"28,279.75",光電業,50000,免徵,免徵,免徵,#N/A,#N/A,#N/A,無法計算,無法計算,無法計算
燁興企業股份有限公司,75992214,1,"28,088.52",鋼鐵業,25000,NT$92.66 萬元,NT$30.89 萬元,NT$15.44 萬元,"NT$501,515.00 萬元","NT$548,282.00 萬元","-NT$98,133.00 萬元",0.02%,0.02%,淨利為負值
台灣普利司通股份有限公司,43031502,1,"27,765.63",石化業,25000,NT$82.97 萬元,NT$27.66 萬元,NT$13.83 萬元,#N/A,#N/A,#N/A,無法計算,無法計算,無法計算
和大工業股份有限公司,52264848,1,"27,538.52",汽機車業,25000,NT$76.16 萬元,NT$25.39 萬元,NT$12.69 萬元,"NT$659,923.00 萬元","NT$545,813.00 萬元","NT$32,466.00 萬元",0.01%,0.01%,0.23%
廣達電腦股份有限公司,22822281,1,"27,465.66",電子業,25000,NT$73.97 萬元,NT$24.66 萬元,NT$12.33 萬元,"NT$108,561,105.00 萬元","NT$100,072,809.00 萬元","NT$4,048,859.00 萬元",0.00%,0.00%,0.00%
台灣紙業股份有限公司,11912102,1,"27,016.77",石化業,25000,NT$60.50 萬元,NT$20.17 萬元,NT$10.08 萬元,#N/A,#N/A,#N/A,無法計算,無法計算,無法計算
漢翔航空工業股份有限公司,97160544,1,"26,878.01",航空業,25000,NT$56.34 萬元,NT$18.78 萬元,NT$9.39 萬元,"NT$3,910,000.00 萬元","NT$3,474,205.00 萬元","NT$222,590.00 萬元",0.00%,0.00%,0.03%
建大工業股份有限公司,59619900,1,"26,817.59",石化業,25000,NT$54.53 萬元,NT$18.18 萬元,NT$9.09 萬元,"NT$3,444,368.00 萬元","NT$2,777,102.00 萬元","NT$88,098.00 萬元",0.00%,0.00%,0.06%
宏洲纖維工業股份有限公司,	07220710,1,"26,586.75",石化業,25000,NT$47.60 萬元,NT$15.87 萬元,NT$7.93 萬元,"NT$199,538.00 萬元","NT$207,421.00 萬元","-NT$13,279.00 萬元",0.02%,0.02%,淨利為負值
泓達化工股份有限公司,23418128,1,"26,362.13",石化業,25000,NT$40.86 萬元,NT$13.62 萬元,NT$6.81 萬元,#N/A,#N/A,#N/A,無法計算,無法計算,無法計算
建榮工業材料股份有限公司,86691377,1,"26,219.20",紡織業,25000,NT$36.58 萬元,NT$12.19 萬元,NT$6.10 萬元,"NT$123,215.00 萬元","NT$110,133.00 萬元","NT$2,494.00 萬元",0.03%,0.03%,1.47%
晉禾企業股份有限公司,88680066,1,"25,589.24",鋼鐵業,25000,NT$17.68 萬元,NT$5.89 萬元,NT$2.95 萬元,#N/A,#N/A,#N/A,無法計算,無法計算,無法計算
銓盟企業股份有限公司,23313356,1,"25,520.59",紡織業,25000,NT$15.62 萬元,NT$5.21 萬元,NT$2.60 萬元,#N/A,#N/A,#N/A,無法計算,無法計算,無法計算
台鹽實業股份有限公司,89397503,1,"25,475.44",食品業,25000,NT$14.26 萬元,NT$4.75 萬元,NT$2.38 萬元,#N/A,#N/A,#N/A,無法計算,無法計算,無法計算
金元福包裝企業股份有限公司,34227006,1,"24,894.98",石化業,25000,免徵,免徵,免徵,#N/A,#N/A,#N/A,無法計算,無法計算,無法計算
東欣實業股份有限公司,89356756,1,"24,849.99",紡織業,25000,免徵,免徵,免徵,#N/A,#N/A,#N/A,無法計算,無法計算,無法計算
鉅輝鋼鐵股份有限公司,13079654,1,"24,460.97",鋼鐵業,25000,免徵,免徵,免徵,#N/A,#N/A,#N/A,無法計算,無法計算,無法計算
台群工業股份有限公司,25049986,1,"24,341.61",紡織業,25000,免徵,免徵,免徵,#N/A,#N/A,#N/A,無法計算,無法計算,無法計算
東培工業股份有限公司,	07220508,1,"24,321.60",鋼鐵業,25000,免徵,免徵,免徵,#N/A,#N/A,#N/A,無法計算,無法計算,無法計算
台灣華可貴股份有限公司,44883108,1,"23,882.25",紡織業,25000,免徵,免徵,免徵,#N/A,#N/A,#N/A,無法計算,無法計算,無法計算
台灣湯淺電池股份有限公司,35878589,1,"23,711.45",電池製造業,25000,免徵,免徵,免徵,#N/A,#N/A,#N/A,無法計算,無法計算,無法計算
碁富食品股份有限公司,22360437,1,"23,488.83",食品業,25000,免徵,免徵,免徵,#N/A,#N/A,#N/A,無法計算,無法計算,無法計算
紘楷股份有限公司,70738116,1,"23,315.92",紡織業,25000,免徵,免徵,免徵,#N/A,#N/A,#N/A,無法計算,無法計算,無法計算
昇陽國際半導體股份有限公司,84149884,1,"23,176.43",半導體業,25000,免徵,免徵,免徵,"NT$332,770.00 萬元","NT$257,118.00 萬元","NT$31,199.00 萬元",無法計算,無法計算,無法計算
三芳化學工業股份有限公司,83387850,1,"22,860.41",石化業,25000,免徵,免徵,免徵,"NT$1,008,674.00 萬元","NT$756,101.00 萬元","NT$76,027.00 萬元",無法計算,無法計算,無法計算
和友紡織股份有限公司,35192807,1,"22,713.85",紡織業,25000,免徵,免徵,免徵,#N/A,#N/A,#N/A,無法計算,無法計算,無法計算
南帝化學工業股份有限公司,12209807,1,"21,690.09",石化業,25000,免徵,免徵,免徵,"NT$894,204.00 萬元","NT$684,593.00 萬元","NT$94,693.00 萬元",無法計算,無法計算,無法計算
遠東先進纖維股份有限公司,89392269,1,"21,529.51",石化業,25000,免徵,免徵,免徵,#N/A,#N/A,#N/A,無法計算,無法計算,無法計算
嘉聯益科技股份有限公司,86980046,1,"21,346.44",電子業,25000,免徵,免徵,免徵,"NT$983,458.00 萬元","NT$1,077,814.00 萬元","-NT$334,778.00 萬元",無法計算,無法計算,淨利為負值
春雨工廠股份有限公司,88187108,1,"21,093.65",鋼鐵業,25000,免徵,免徵,免徵,"NT$846,064.00 萬元","NT$714,158.00 萬元","NT$36,068.00 萬元",無法計算,無法計算,無法計算
上評資源循環股份有限公司,91004618,1,"21,031.50",造紙業,25000,免徵,免徵,免徵,#N/A,#N/A,#N/A,無法計算,無法計算,無法計算
古河銅箔股份有限公司,53372182,1,"20,753.19",銅製造業,25000,免徵,免徵,免徵,#N/A,#N/A,#N/A,無法計算,無法計算,無法計算
年興紡織股份有限公司,22266307,1,"20,256.36",紡織業,25000,免徵,免徵,免徵,"NT$635,882.00 萬元","NT$637,004.00 萬元","-NT$36,291.00 萬元",無法計算,無法計算,淨利為負值
大鐘印染股份有限公司,57002416,1,"19,942.85",紡織業,25000,免徵,免徵,免徵,#N/A,#N/A,#N/A,無法計算,無法計算,無法計算
巨大機械工業股份有限公司,56054251,1,"19,911.17",自行車業,25000,免徵,免徵,免徵,"NT$7,695,355.00 萬元","NT$5,998,025.00 萬元","NT$356,639.00 萬元",無法計算,無法計算,無法計算
元太科技工業股份有限公司,22099890,1,"19,565.89",光電業,25000,免徵,免徵,免徵,"NT$2,711,976.00 萬元","NT$1,266,328.00 萬元","NT$786,623.00 萬元",無法計算,無法計算,無法計算
香榮實業股份有限公司,13035951,1,"19,430.10",紡織業,25000,免徵,免徵,免徵,#N/A,#N/A,#N/A,無法計算,無法計算,無法計算
翔新企業股份有限公司,84570243,1,"19,025.85",紡織業,25000,免徵,免徵,免徵,#N/A,#N/A,#N/A,無法計算,無法計算,無法計算
中華凸版電子股份有限公司,16083358,1,"19,021.15",半導體業,25000,免徵,免徵,免徵,#N/A,#N/A,#N/A,無法計算,無法計算,無法計算
敦南科技股份有限公司,23528103,1,"18,619.83",半導體業,25000,免徵,免徵,免徵,#N/A,#N/A,#N/A,無法計算,無法計算,無法計算
亞太優勢微系統股份有限公司,70815339,1,"18,474.16",半導體業,25000,免徵,免徵,免徵,#N/A,#N/A,#N/A,無法計算,無法計算,無法計算
東明纖維工業股份有限公司,	07205416,1,"18,349.68",紡織業,25000,免徵,免徵,免徵,#N/A,#N/A,#N/A,無法計算,無法計算,無法計算
獻麒紡織工業股份有限公司,22474430,1,"17,962.08",紡織業,25000,免徵,免徵,免徵,#N/A,#N/A,#N/A,無法計算,無法計算,無法計算
台灣半導體股份有限公司,34286449,1,"14,803.56",半導體業,25000,免徵,免徵,免徵,"NT$1,461,601.00 萬元","NT$1,012,335.00 萬元","NT$130,999.00 萬元",無法計算,無法計算,無法計算
大統新創股份有限公司,22267777,1,"13,793.74",紡織業,25000,免徵,免徵,免徵,"NT$65,522.00 萬元","NT$52,540.00 萬元","NT$4,935.00 萬元",無法計算,無法計算,無法計算
艾克爾先進科技股份有限公司,16847968,1,"11,570.77",半導體業,25000,免徵,免徵,免徵,#N/A,#N/A,#N/A,無法計算,無法計算,無法計算
可成科技股份有限公司,69905810,1,"11,239.77",鋁製造業,25000,免徵,免徵,免徵,"NT$1,807,388.00 萬元","NT$1,313,992.00 萬元","NT$915,155.00 萬元",無法計算,無法計算,無法計算
辛耘企業股份有限公司,30901647,1,"10,390.68",半導體業,25000,免徵,免徵,免徵,"NT$691,198.00 萬元","NT$470,586.00 萬元","NT$65,030.00 萬元",無法計算,無法計算,無法計算
晶成半導體股份有限公司,28114454,1,"7,234.61",半導體業,25000,免徵,免徵,免徵,#N/A,#N/A,#N/A,無法計算,無法計算,無法計算
新瑞倡企業股份有限公司,	07620770,1,"6,683.94",紡織業,25000,免徵,免徵,免徵,#N/A,#N/A,#N/A,無法計算,無法計算,無法計算
台灣高技股份有限公司,22099343,1,"5,784.80",電子業,25000,免徵,免徵,免徵,#N/A,#N/A,#N/A,無法計算,無法計算,無法計算